InteractionID	BasisOfRecord	sourceTaxonId	sourceTaxonName	interactionTypeId	isNegated	interactionTypeName	targetBodyPartName	targetBodyPartId	experimentalConditionName	experimentalConditionId	sexName	sexID	targetTaxonId	targetTaxonName	targetCommonName	localityId	localityName	decimalLatitude	decimalLongitude	observationDateTime	referenceDoi	referenceCitation
3	LiteratureRecord	https://www.gbif.org/species/110462356	Calyptra bicolor	http://purl.obolibrary.org/obo/RO_0002470	FALSE	eats	blood	http://purl.obolibrary.org/obo/NCIT_C12434					https://www.gbif.org/species/2436436	Homo sapiens	human							Bänziger, H. 1989. Skin-piercing blood-sucking moths V: Attacks on man by 5 Calyptra spp.(Lepidoptera: Noctuidae) in S. and S.E. Asia. Mittellungen der Schweizerischen Entomologischen Gesellschaft, 62: 215-233.
4	LiteratureRecord	https://www.gbif.org/species/110462356	Calyptra bicolor	http://purl.obolibrary.org/obo/RO_0002470	FALSE	eats	fruit	http://purl.obolibrary.org/obo/PO_0009001	enclosed conditions	http://purl.obolibrary.org/obo/ENVO_01001405			https://www.gbif.org/species/5420380	Psidium guajava	guava							Bänziger, H. 2007. Skin-piercing blood-sucking moths VI: Fruit-piercing habits in Calyptra (Noctuidae) and notes on the feeding strategies of zoophilous and frugivorous adult Lepidoptera. Mittellungen der Schweizerischen Entomologischen Gesellschaft, 80: 271-288. 
5	LiteratureRecord	https://www.gbif.org/species/110462356	Calyptra bicolor	http://purl.obolibrary.org/obo/RO_0002470	FALSE	eats	fruit	http://purl.obolibrary.org/obo/PO_0009001	enclosed conditions	http://purl.obolibrary.org/obo/ENVO_01001405			https://www.gbif.org/species/3022511	Prunus persica	peach							Bänziger, H. 2007. Skin-piercing blood-sucking moths VI: Fruit-piercing habits in Calyptra (Noctuidae) and notes on the feeding strategies of zoophilous and frugivorous adult Lepidoptera. Mittellungen der Schweizerischen Entomologischen Gesellschaft, 80: 271-288. 
6	LiteratureRecord	https://www.gbif.org/species/110462356	Calyptra bicolor	http://purl.obolibrary.org/obo/RO_0002470	FALSE	eats	fruit	http://purl.obolibrary.org/obo/PO_0009001	enclosed conditions	http://purl.obolibrary.org/obo/ENVO_01001405			https://www.gbif.org/species/3020559	Prunus sp.	plum							Bänziger, H. 2007. Skin-piercing blood-sucking moths VI: Fruit-piercing habits in Calyptra (Noctuidae) and notes on the feeding strategies of zoophilous and frugivorous adult Lepidoptera. Mittellungen der Schweizerischen Entomologischen Gesellschaft, 80: 271-288. 
7	LiteratureRecord	https://www.gbif.org/species/110462356	Calyptra bicolor	http://purl.obolibrary.org/obo/RO_0002470	FALSE	eats	fruit	http://purl.obolibrary.org/obo/PO_0009001	in nature	http://purl.obolibrary.org/obo/ENVO_01001226			https://www.gbif.org/species/2988638	Rubus sp.	raspberry							Bänziger, H. 2007. Skin-piercing blood-sucking moths VI: Fruit-piercing habits in Calyptra (Noctuidae) and notes on the feeding strategies of zoophilous and frugivorous adult Lepidoptera. Mittellungen der Schweizerischen Entomologischen Gesellschaft, 80: 271-288. 
8	LiteratureRecord	https://www.gbif.org/species/110462356	Calyptra bicolor	http://purl.obolibrary.org/obo/RO_0002470	FALSE	eats	fruit	http://purl.obolibrary.org/obo/PO_0009001	enclosed conditions	http://purl.obolibrary.org/obo/ENVO_01001405			https://www.gbif.org/species/2988638	Rubus sp.	raspberry							Bänziger, H. 2007. Skin-piercing blood-sucking moths VI: Fruit-piercing habits in Calyptra (Noctuidae) and notes on the feeding strategies of zoophilous and frugivorous adult Lepidoptera. Mittellungen der Schweizerischen Entomologischen Gesellschaft, 80: 271-288. 
52	LiteratureRecord	https://www.gbif.org/species/110462360	Calyptra fletcheri	http://purl.obolibrary.org/obo/RO_0002470	FALSE	eats	fruit	http://purl.obolibrary.org/obo/PO_0009001	enclosed conditions	http://purl.obolibrary.org/obo/ENVO_01001405			https://www.gbif.org/species/2988638	Rubus sp.	raspberry							Bänziger, H. 2007. Skin-piercing blood-sucking moths VI: Fruit-piercing habits in Calyptra (Noctuidae) and notes on the feeding strategies of zoophilous and frugivorous adult Lepidoptera. Mittellungen der Schweizerischen Entomologischen Gesellschaft, 80: 271-288. 
53	LiteratureRecord	https://www.gbif.org/species/110462365	Calyptra minuticornis	http://purl.obolibrary.org/obo/RO_0002470	FALSE	eats	fruit	http://purl.obolibrary.org/obo/PO_0009001	enclosed conditions	http://purl.obolibrary.org/obo/ENVO_01001405			https://www.gbif.org/species/147211519	Vitis sp.	grape							Bänziger, H. 2007. Skin-piercing blood-sucking moths VI: Fruit-piercing habits in Calyptra (Noctuidae) and notes on the feeding strategies of zoophilous and frugivorous adult Lepidoptera. Mittellungen der Schweizerischen Entomologischen Gesellschaft, 80: 271-288. 
54	LiteratureRecord	https://www.gbif.org/species/110462365	Calyptra minuticornis	http://purl.obolibrary.org/obo/RO_0002470	FALSE	eats	fruit	http://purl.obolibrary.org/obo/PO_0009001	enclosed conditions	http://purl.obolibrary.org/obo/ENVO_01001405			https://www.gbif.org/species/145746197	Citrus reticulata	mandarin							Bänziger, H. 2007. Skin-piercing blood-sucking moths VI: Fruit-piercing habits in Calyptra (Noctuidae) and notes on the feeding strategies of zoophilous and frugivorous adult Lepidoptera. Mittellungen der Schweizerischen Entomologischen Gesellschaft, 80: 271-288. 
55	LiteratureRecord	https://www.gbif.org/species/110462365	Calyptra minuticornis	http://purl.obolibrary.org/obo/RO_0002470	FALSE	eats	fruit	http://purl.obolibrary.org/obo/PO_0009001	in nature	http://purl.obolibrary.org/obo/ENVO_01001226			https://www.gbif.org/species/147211875	Ficus sp.	fig							Bänziger, H. 2007. Skin-piercing blood-sucking moths VI: Fruit-piercing habits in Calyptra (Noctuidae) and notes on the feeding strategies of zoophilous and frugivorous adult Lepidoptera. Mittellungen der Schweizerischen Entomologischen Gesellschaft, 80: 271-288. 
56	LiteratureRecord	https://www.gbif.org/species/110462365	Calyptra minuticornis	http://purl.obolibrary.org/obo/RO_0002470	FALSE	eats	fruit	http://purl.obolibrary.org/obo/PO_0009001	in nature	http://purl.obolibrary.org/obo/ENVO_01001226			https://www.gbif.org/species/145746197	Citrus reticulata	mandarin							Bänziger, H. 2007. Skin-piercing blood-sucking moths VI: Fruit-piercing habits in Calyptra (Noctuidae) and notes on the feeding strategies of zoophilous and frugivorous adult Lepidoptera. Mittellungen der Schweizerischen Entomologischen Gesellschaft, 80: 271-288. 
57	LiteratureRecord	https://www.gbif.org/species/110462365	Calyptra minuticornis	http://purl.obolibrary.org/obo/RO_0002470	FALSE	eats	fruit	http://purl.obolibrary.org/obo/PO_0009001	in nature	http://purl.obolibrary.org/obo/ENVO_01001226			https://www.gbif.org/species/145321625	Muntingia calabura	Panama berry							Bänziger, H. 2007. Skin-piercing blood-sucking moths VI: Fruit-piercing habits in Calyptra (Noctuidae) and notes on the feeding strategies of zoophilous and frugivorous adult Lepidoptera. Mittellungen der Schweizerischen Entomologischen Gesellschaft, 80: 271-288. 
58	LiteratureRecord	https://www.gbif.org/species/110462365	Calyptra minuticornis	http://purl.obolibrary.org/obo/RO_0002470	FALSE	eats	fruit	http://purl.obolibrary.org/obo/PO_0009001	in nature	http://purl.obolibrary.org/obo/ENVO_01001226			https://www.gbif.org/species/3022511	Prunus persica	peach							Bänziger, H. 2007. Skin-piercing blood-sucking moths VI: Fruit-piercing habits in Calyptra (Noctuidae) and notes on the feeding strategies of zoophilous and frugivorous adult Lepidoptera. Mittellungen der Schweizerischen Entomologischen Gesellschaft, 80: 271-288. 
59	LiteratureRecord	https://www.gbif.org/species/110462365	Calyptra minuticornis	http://purl.obolibrary.org/obo/RO_0002470	FALSE	eats	fruit	http://purl.obolibrary.org/obo/PO_0009001	in nature	http://purl.obolibrary.org/obo/ENVO_01001226			https://www.gbif.org/species/2988638	Rubus sp.	raspberry							Bänziger, H. 2007. Skin-piercing blood-sucking moths VI: Fruit-piercing habits in Calyptra (Noctuidae) and notes on the feeding strategies of zoophilous and frugivorous adult Lepidoptera. Mittellungen der Schweizerischen Entomologischen Gesellschaft, 80: 271-288. 
60	LiteratureRecord	http://ubio.org/browser/details.php?namebankID=6802483	Calyptra minuticornis novaepommeraniae	http://purl.obolibrary.org/obo/RO_0002470	FALSE	eats	fruit	http://purl.obolibrary.org/obo/PO_0009001	under experimental conditions	http://purl.obolibrary.org/obo/ENVO_01001405			https://www.gbif.org/species/6	Plantae	variety							Bänziger, H. 1986. Skin-piercing blood-sucking moths IV: Biological studies on adults of 4 Calyptra species and 2 subspecies (Lepidoptera, Noctuidae).Mittellungen der Schweizerischen Entomologischen Gesellschaft, 59: 111-138.
61	LiteratureRecord	http://ubio.org/browser/details.php?namebankID=6802483	Calyptra minuticornis novaepommeraniae	http://purl.obolibrary.org/obo/RO_0002470	FALSE	eats	fruit	http://purl.obolibrary.org/obo/PO_0009001	enclosed conditions	http://purl.obolibrary.org/obo/ENVO_01001405			https://www.gbif.org/species/147211875	Ficus sp.	fig							Bänziger, H. 2007. Skin-piercing blood-sucking moths VI: Fruit-piercing habits in Calyptra (Noctuidae) and notes on the feeding strategies of zoophilous and frugivorous adult Lepidoptera. Mittellungen der Schweizerischen Entomologischen Gesellschaft, 80: 271-288. 
62	LiteratureRecord	http://ubio.org/browser/details.php?namebankID=6802483	Calyptra minuticornis novaepommeraniae	http://purl.obolibrary.org/obo/RO_0002470	FALSE	eats	fruit	http://purl.obolibrary.org/obo/PO_0009001	enclosed conditions	http://purl.obolibrary.org/obo/ENVO_01001405			https://www.gbif.org/species/147211519	Vitis sp.	grape							Bänziger, H. 2007. Skin-piercing blood-sucking moths VI: Fruit-piercing habits in Calyptra (Noctuidae) and notes on the feeding strategies of zoophilous and frugivorous adult Lepidoptera. Mittellungen der Schweizerischen Entomologischen Gesellschaft, 80: 271-288. 
63	LiteratureRecord	http://ubio.org/browser/details.php?namebankID=6802483	Calyptra minuticornis novaepommeraniae	http://purl.obolibrary.org/obo/RO_0002470	FALSE	eats	fruit	http://purl.obolibrary.org/obo/PO_0009001	enclosed conditions	http://purl.obolibrary.org/obo/ENVO_01001405			https://www.gbif.org/species/145746197	Citrus reticulata	mandarin							Bänziger, H. 2007. Skin-piercing blood-sucking moths VI: Fruit-piercing habits in Calyptra (Noctuidae) and notes on the feeding strategies of zoophilous and frugivorous adult Lepidoptera. Mittellungen der Schweizerischen Entomologischen Gesellschaft, 80: 271-288. 
64	LiteratureRecord	https://www.gbif.org/species/110462365	Calyptra minuticornis	http://purl.obolibrary.org/obo/RO_0002470	FALSE	eats	blood	http://purl.obolibrary.org/obo/NCIT_C12434					https://www.gbif.org/species/146826698	Tapirus sp.	tapir							Bänziger, H. 1979. Skin-piercing blood-sucking moths II: Studies on a further 3 adult Calyptra [Calpe] sp. (Lepid., Noctuidae). Acta Trop. 36(1):23-37.
65	LiteratureRecord	https://www.gbif.org/species/110462365	Calyptra minuticornis	http://purl.obolibrary.org/obo/RO_0002470	FALSE	eats	blood	http://purl.obolibrary.org/obo/NCIT_C12434					https://www.gbif.org/species/132079670	Bos taurus indicus	zebu							Bänziger, H. 1979. Skin-piercing blood-sucking moths II: Studies on a further 3 adult Calyptra [Calpe] sp. (Lepid., Noctuidae). Acta Trop. 36(1):23-37.
66	LiteratureRecord	https://www.gbif.org/species/110462365	Calyptra minuticornis	http://purl.obolibrary.org/obo/RO_0002470	FALSE	eats	blood	http://purl.obolibrary.org/obo/NCIT_C12434					https://www.gbif.org/species/132095904	Elephas maximus indicus	Indian elephant							Bänziger, H. 1986. Skin-piercing blood-sucking moths IV: Biological studies on adults of 4 Calyptra species and 2 subspecies (Lepidoptera, Noctuidae).Mittellungen der Schweizerischen Entomologischen Gesellschaft, 59: 111-138.
67	LiteratureRecord	https://www.gbif.org/species/110462365	Calyptra minuticornis	http://purl.obolibrary.org/obo/RO_0002470	FALSE	eats	blood	http://purl.obolibrary.org/obo/NCIT_C12434					https://www.gbif.org/species/146826689	Equus sp.	mule							Bänziger, H. 1986. Skin-piercing blood-sucking moths IV: Biological studies on adults of 4 Calyptra species and 2 subspecies (Lepidoptera, Noctuidae).Mittellungen der Schweizerischen Entomologischen Gesellschaft, 59: 111-138.
68	LiteratureRecord	https://www.gbif.org/species/110462368	Calyptra ophideroides	http://purl.obolibrary.org/obo/RO_0002470	FALSE	eats	fruit	http://purl.obolibrary.org/obo/PO_0009001	enclosed conditions	http://purl.obolibrary.org/obo/ENVO_01001405			https://www.gbif.org/species/147211519	Vitis sp.	grape							Bänziger, H. 2007. Skin-piercing blood-sucking moths VI: Fruit-piercing habits in Calyptra (Noctuidae) and notes on the feeding strategies of zoophilous and frugivorous adult Lepidoptera. Mittellungen der Schweizerischen Entomologischen Gesellschaft, 80: 271-288. 
69	LiteratureRecord	https://www.gbif.org/species/110462368	Calyptra ophideroides	http://purl.obolibrary.org/obo/RO_0002470	FALSE	eats	fruit	http://purl.obolibrary.org/obo/PO_0009001	enclosed conditions	http://purl.obolibrary.org/obo/ENVO_01001405			https://www.gbif.org/species/5420380	Psidium guajava	guava							Bänziger, H. 2007. Skin-piercing blood-sucking moths VI: Fruit-piercing habits in Calyptra (Noctuidae) and notes on the feeding strategies of zoophilous and frugivorous adult Lepidoptera. Mittellungen der Schweizerischen Entomologischen Gesellschaft, 80: 271-288. 
70	LiteratureRecord	https://www.gbif.org/species/110462368	Calyptra ophideroides	http://purl.obolibrary.org/obo/RO_0002470	FALSE	eats	fruit	http://purl.obolibrary.org/obo/PO_0009001	enclosed conditions	http://purl.obolibrary.org/obo/ENVO_01001405			https://www.gbif.org/species/3022511	Prunus persica	peach							Bänziger, H. 2007. Skin-piercing blood-sucking moths VI: Fruit-piercing habits in Calyptra (Noctuidae) and notes on the feeding strategies of zoophilous and frugivorous adult Lepidoptera. Mittellungen der Schweizerischen Entomologischen Gesellschaft, 80: 271-288. 
71	LiteratureRecord	https://www.gbif.org/species/110462368	Calyptra ophideroides	http://purl.obolibrary.org/obo/RO_0002470	FALSE	eats	fruit	http://purl.obolibrary.org/obo/PO_0009001	enclosed conditions	http://purl.obolibrary.org/obo/ENVO_01001405			https://www.gbif.org/species/3020559	Prunus sp.	plum							Bänziger, H. 2007. Skin-piercing blood-sucking moths VI: Fruit-piercing habits in Calyptra (Noctuidae) and notes on the feeding strategies of zoophilous and frugivorous adult Lepidoptera. Mittellungen der Schweizerischen Entomologischen Gesellschaft, 80: 271-288. 
72	LiteratureRecord	https://www.gbif.org/species/110462368	Calyptra ophideroides	http://purl.obolibrary.org/obo/RO_0002470	FALSE	eats	fruit	http://purl.obolibrary.org/obo/PO_0009001	in nature	http://purl.obolibrary.org/obo/ENVO_01001226			https://www.gbif.org/species/147211875	Ficus sp.	fig							Bänziger, H. 2007. Skin-piercing blood-sucking moths VI: Fruit-piercing habits in Calyptra (Noctuidae) and notes on the feeding strategies of zoophilous and frugivorous adult Lepidoptera. Mittellungen der Schweizerischen Entomologischen Gesellschaft, 80: 271-288. 
73	LiteratureRecord	https://www.gbif.org/species/110462368	Calyptra ophideroides	http://purl.obolibrary.org/obo/RO_0002470	FALSE	eats	fruit	http://purl.obolibrary.org/obo/PO_0009001	in nature	http://purl.obolibrary.org/obo/ENVO_01001226			https://www.gbif.org/species/3022511	Prunus persica	peach							Bänziger, H. 2007. Skin-piercing blood-sucking moths VI: Fruit-piercing habits in Calyptra (Noctuidae) and notes on the feeding strategies of zoophilous and frugivorous adult Lepidoptera. Mittellungen der Schweizerischen Entomologischen Gesellschaft, 80: 271-288. 
74	LiteratureRecord	https://www.gbif.org/species/110462368	Calyptra ophideroides	http://purl.obolibrary.org/obo/RO_0002470	FALSE	eats	fruit	http://purl.obolibrary.org/obo/PO_0009001	in nature	http://purl.obolibrary.org/obo/ENVO_01001226			https://www.gbif.org/species/3020559	Prunus sp.	plum							Bänziger, H. 2007. Skin-piercing blood-sucking moths VI: Fruit-piercing habits in Calyptra (Noctuidae) and notes on the feeding strategies of zoophilous and frugivorous adult Lepidoptera. Mittellungen der Schweizerischen Entomologischen Gesellschaft, 80: 271-288. 
75	LiteratureRecord	https://www.gbif.org/species/110462368	Calyptra ophideroides	http://purl.obolibrary.org/obo/RO_0002470	TRUE	eats	blood	http://purl.obolibrary.org/obo/NCIT_C12434	under experimental conditions	http://purl.obolibrary.org/obo/ENVO_01001405			https://www.gbif.org/species/2436436	Homo sapiens	human							Bänziger, H. 1989. Skin-piercing blood-sucking moths V: Attacks on man by 5 Calyptra spp.(Lepidoptera: Noctuidae) in S. and S.E. Asia. Mittellungen der Schweizerischen Entomologischen Gesellschaft, 62: 215-233.
76	LiteratureRecord	https://www.gbif.org/species/110462369	Calyptra orthograpta	http://purl.obolibrary.org/obo/RO_0002470	FALSE	eats	fruit	http://purl.obolibrary.org/obo/PO_0009001	enclosed conditions	http://purl.obolibrary.org/obo/ENVO_01001405			https://www.gbif.org/species/147210591	Mangifera sp.	mango							Bänziger, H. 2007. Skin-piercing blood-sucking moths VI: Fruit-piercing habits in Calyptra (Noctuidae) and notes on the feeding strategies of zoophilous and frugivorous adult Lepidoptera. Mittellungen der Schweizerischen Entomologischen Gesellschaft, 80: 271-288. 
77	LiteratureRecord	https://www.gbif.org/species/110462369	Calyptra orthograpta	http://purl.obolibrary.org/obo/RO_0002470	FALSE	eats	fruit	http://purl.obolibrary.org/obo/PO_0009001	enclosed conditions	http://purl.obolibrary.org/obo/ENVO_01001405			https://www.gbif.org/species/147210628	Bouea sp.	plum mango							Bänziger, H. 2007. Skin-piercing blood-sucking moths VI: Fruit-piercing habits in Calyptra (Noctuidae) and notes on the feeding strategies of zoophilous and frugivorous adult Lepidoptera. Mittellungen der Schweizerischen Entomologischen Gesellschaft, 80: 271-288. 
78	LiteratureRecord	https://www.gbif.org/species/110462369	Calyptra orthograpta	http://purl.obolibrary.org/obo/RO_0002470	FALSE	eats	fruit	http://purl.obolibrary.org/obo/PO_0009001	enclosed conditions	http://purl.obolibrary.org/obo/ENVO_01001405			https://www.gbif.org/species/147211500	Syzygium sp.	rose apple							Bänziger, H. 2007. Skin-piercing blood-sucking moths VI: Fruit-piercing habits in Calyptra (Noctuidae) and notes on the feeding strategies of zoophilous and frugivorous adult Lepidoptera. Mittellungen der Schweizerischen Entomologischen Gesellschaft, 80: 271-288. 
79	LiteratureRecord	https://www.gbif.org/species/110462369	Calyptra orthograpta	http://purl.obolibrary.org/obo/RO_0002470	TRUE	eats	blood	http://purl.obolibrary.org/obo/NCIT_C12434					https://www.gbif.org/species/132080256	Rusa unicolor	sambar deer							Bänziger, H. 1979. Skin-piercing blood-sucking moths II: Studies on a further 3 adult Calyptra [Calpe] sp. (Lepid., Noctuidae). Acta Trop. 36(1):23-37.
80	LiteratureRecord	https://www.gbif.org/species/110462369	Calyptra orthograpta	http://purl.obolibrary.org/obo/RO_0002470	TRUE	eats	blood	http://purl.obolibrary.org/obo/NCIT_C12434					https://www.gbif.org/species/132079642	Bubalus bubalis	water buffalo							Bänziger, H. 1979. Skin-piercing blood-sucking moths II: Studies on a further 3 adult Calyptra [Calpe] sp. (Lepid., Noctuidae). Acta Trop. 36(1):23-37.
81	LiteratureRecord	https://www.gbif.org/species/110462369	Calyptra orthograpta	http://purl.obolibrary.org/obo/RO_0002470	TRUE	eats	blood	http://purl.obolibrary.org/obo/NCIT_C12434					https://www.gbif.org/species/132095904	Elephas maximus indicus	Indian elephant							Bänziger, H. 1986. Skin-piercing blood-sucking moths IV: Biological studies on adults of 4 Calyptra species and 2 subspecies (Lepidoptera, Noctuidae).Mittellungen der Schweizerischen Entomologischen Gesellschaft, 59: 111-138.
82	LiteratureRecord	https://www.gbif.org/species/110462370	Calyptra parva	http://purl.obolibrary.org/obo/RO_0002470	FALSE	eats	fruit	http://purl.obolibrary.org/obo/PO_0009001					https://www.gbif.org/species/2436436	Homo sapiens	human							Bänziger, H. 1989. Skin-piercing blood-sucking moths V: Attacks on man by 5 Calyptra spp.(Lepidoptera: Noctuidae) in S. and S.E. Asia. Mittellungen der Schweizerischen Entomologischen Gesellschaft, 62: 215-233.
83	LiteratureRecord	https://www.gbif.org/species/110462370	Calyptra parva	http://purl.obolibrary.org/obo/RO_0002470	FALSE	eats	fruit	http://purl.obolibrary.org/obo/PO_0009001	enclosed conditions	http://purl.obolibrary.org/obo/ENVO_01001405			https://www.gbif.org/species/147211519	Vitis sp.	grape							Bänziger, H. 2007. Skin-piercing blood-sucking moths VI: Fruit-piercing habits in Calyptra (Noctuidae) and notes on the feeding strategies of zoophilous and frugivorous adult Lepidoptera. Mittellungen der Schweizerischen Entomologischen Gesellschaft, 80: 271-288. 
84	LiteratureRecord	https://www.gbif.org/species/110462370	Calyptra parva	http://purl.obolibrary.org/obo/RO_0002470	FALSE	eats	fruit	http://purl.obolibrary.org/obo/PO_0009001	enclosed conditions	http://purl.obolibrary.org/obo/ENVO_01001405			https://www.gbif.org/species/145746197	Citrus reticulata	mandarin							Bänziger, H. 2007. Skin-piercing blood-sucking moths VI: Fruit-piercing habits in Calyptra (Noctuidae) and notes on the feeding strategies of zoophilous and frugivorous adult Lepidoptera. Mittellungen der Schweizerischen Entomologischen Gesellschaft, 80: 271-288. 
85	LiteratureRecord	https://www.gbif.org/species/110462370	Calyptra parva	http://purl.obolibrary.org/obo/RO_0002470	TRUE	eats	blood	http://purl.obolibrary.org/obo/NCIT_C12434	in nature	http://purl.obolibrary.org/obo/ENVO_01001226			https://www.gbif.org/species/147211875	Ficus sp.	fig							Bänziger, H. 2007. Skin-piercing blood-sucking moths VI: Fruit-piercing habits in Calyptra (Noctuidae) and notes on the feeding strategies of zoophilous and frugivorous adult Lepidoptera. Mittellungen der Schweizerischen Entomologischen Gesellschaft, 80: 271-288. 
86	LiteratureRecord	https://www.gbif.org/species/110462371	Calyptra pseudobicolor	http://purl.obolibrary.org/obo/RO_0002470	FALSE	eats	fruit	http://purl.obolibrary.org/obo/PO_0009001	enclosed conditions	http://purl.obolibrary.org/obo/ENVO_01001405			https://www.gbif.org/species/5420380	Psidium guajava	guava							Bänziger, H. 2007. Skin-piercing blood-sucking moths VI: Fruit-piercing habits in Calyptra (Noctuidae) and notes on the feeding strategies of zoophilous and frugivorous adult Lepidoptera. Mittellungen der Schweizerischen Entomologischen Gesellschaft, 80: 271-288. 
87	LiteratureRecord	https://www.gbif.org/species/110462371	Calyptra pseudobicolor	http://purl.obolibrary.org/obo/RO_0002470	FALSE	eats	fruit	http://purl.obolibrary.org/obo/PO_0009001	enclosed conditions	http://purl.obolibrary.org/obo/ENVO_01001405			https://www.gbif.org/species/3022511	Prunus persica	peach							Bänziger, H. 2007. Skin-piercing blood-sucking moths VI: Fruit-piercing habits in Calyptra (Noctuidae) and notes on the feeding strategies of zoophilous and frugivorous adult Lepidoptera. Mittellungen der Schweizerischen Entomologischen Gesellschaft, 80: 271-288. 
88	LiteratureRecord	https://www.gbif.org/species/110462371	Calyptra pseudobicolor	http://purl.obolibrary.org/obo/RO_0002470	FALSE	eats	fruit	http://purl.obolibrary.org/obo/PO_0009001	enclosed conditions	http://purl.obolibrary.org/obo/ENVO_01001405			https://www.gbif.org/species/3020559	Prunus sp.	plum							Bänziger, H. 2007. Skin-piercing blood-sucking moths VI: Fruit-piercing habits in Calyptra (Noctuidae) and notes on the feeding strategies of zoophilous and frugivorous adult Lepidoptera. Mittellungen der Schweizerischen Entomologischen Gesellschaft, 80: 271-288. 
89	LiteratureRecord	https://www.gbif.org/species/110462371	Calyptra pseudobicolor	http://purl.obolibrary.org/obo/RO_0002470	FALSE	eats	fruit	http://purl.obolibrary.org/obo/PO_0009001	in nature	http://purl.obolibrary.org/obo/ENVO_01001226			https://www.gbif.org/species/3022511	Prunus persica	peach							Bänziger, H. 2007. Skin-piercing blood-sucking moths VI: Fruit-piercing habits in Calyptra (Noctuidae) and notes on the feeding strategies of zoophilous and frugivorous adult Lepidoptera. Mittellungen der Schweizerischen Entomologischen Gesellschaft, 80: 271-288. 
90	LiteratureRecord	https://www.gbif.org/species/110462371	Calyptra pseudobicolor	http://purl.obolibrary.org/obo/RO_0002470	FALSE	eats	fruit	http://purl.obolibrary.org/obo/PO_0009001	in nature	http://purl.obolibrary.org/obo/ENVO_01001226			https://www.gbif.org/species/3020559	Prunus sp.	plum							Bänziger, H. 2007. Skin-piercing blood-sucking moths VI: Fruit-piercing habits in Calyptra (Noctuidae) and notes on the feeding strategies of zoophilous and frugivorous adult Lepidoptera. Mittellungen der Schweizerischen Entomologischen Gesellschaft, 80: 271-288. 
91	LiteratureRecord	https://www.gbif.org/species/110462371	Calyptra pseudobicolor	http://purl.obolibrary.org/obo/RO_0002470	FALSE	eats	fruit	http://purl.obolibrary.org/obo/PO_0009001	in nature	http://purl.obolibrary.org/obo/ENVO_01001226			https://www.gbif.org/species/2988638	Rubus sp.	raspberry							Bänziger, H. 2007. Skin-piercing blood-sucking moths VI: Fruit-piercing habits in Calyptra (Noctuidae) and notes on the feeding strategies of zoophilous and frugivorous adult Lepidoptera. Mittellungen der Schweizerischen Entomologischen Gesellschaft, 80: 271-288. 
92	LiteratureRecord	https://www.gbif.org/species/110462371	Calyptra pseudobicolor	http://purl.obolibrary.org/obo/RO_0002470	TRUE	eats	blood	http://purl.obolibrary.org/obo/NCIT_C12434					https://www.gbif.org/species/2436436	Homo sapiens	human							Bänziger, H. 1989. Skin-piercing blood-sucking moths V: Attacks on man by 5 Calyptra spp.(Lepidoptera: Noctuidae) in S. and S.E. Asia. Mittellungen der Schweizerischen Entomologischen Gesellschaft, 62: 215-233.
93	LiteratureRecord	https://www.gbif.org/species/110462373	Calyptra thalictri	http://purl.obolibrary.org/obo/RO_0002470	FALSE	eats	fruit	http://purl.obolibrary.org/obo/PO_0009001	enclosed conditions	http://purl.obolibrary.org/obo/ENVO_01001405			https://www.gbif.org/species/147211651	Prunus sp.	cherry							Bänziger, H. 2007. Skin-piercing blood-sucking moths VI: Fruit-piercing habits in Calyptra (Noctuidae) and notes on the feeding strategies of zoophilous and frugivorous adult Lepidoptera. Mittellungen der Schweizerischen Entomologischen Gesellschaft, 80: 271-288. 
94	LiteratureRecord	https://www.gbif.org/species/110462373	Calyptra thalictri	http://purl.obolibrary.org/obo/RO_0002470	FALSE	eats	fruit	http://purl.obolibrary.org/obo/PO_0009001	enclosed conditions	http://purl.obolibrary.org/obo/ENVO_01001405			https://www.gbif.org/species/147211519	Vitis sp.	grape							Bänziger, H. 2007. Skin-piercing blood-sucking moths VI: Fruit-piercing habits in Calyptra (Noctuidae) and notes on the feeding strategies of zoophilous and frugivorous adult Lepidoptera. Mittellungen der Schweizerischen Entomologischen Gesellschaft, 80: 271-288. 
95	LiteratureRecord	https://www.gbif.org/species/110462373	Calyptra thalictri	http://purl.obolibrary.org/obo/RO_0002470	FALSE	eats	fruit	http://purl.obolibrary.org/obo/PO_0009001	enclosed conditions	http://purl.obolibrary.org/obo/ENVO_01001405			https://www.gbif.org/species/147202819	Ribes sp.	red currant							Bänziger, H. 2007. Skin-piercing blood-sucking moths VI: Fruit-piercing habits in Calyptra (Noctuidae) and notes on the feeding strategies of zoophilous and frugivorous adult Lepidoptera. Mittellungen der Schweizerischen Entomologischen Gesellschaft, 80: 271-288. 
96	LiteratureRecord	https://www.gbif.org/species/110462373	Calyptra thalictri	http://purl.obolibrary.org/obo/RO_0002470	FALSE	eats	fruit	http://purl.obolibrary.org/obo/PO_0009001	in nature	http://purl.obolibrary.org/obo/ENVO_01001226			https://www.gbif.org/species/2988638	Rubus sp.	raspberry							Bänziger, H. 2007. Skin-piercing blood-sucking moths VI: Fruit-piercing habits in Calyptra (Noctuidae) and notes on the feeding strategies of zoophilous and frugivorous adult Lepidoptera. Mittellungen der Schweizerischen Entomologischen Gesellschaft, 80: 271-288. 
97	LiteratureRecord	https://www.gbif.org/species/110462373	Calyptra thalictri	http://purl.obolibrary.org/obo/RO_0002470	TRUE	eats	blood	http://purl.obolibrary.org/obo/NCIT_C12434	under experimental conditions	http://purl.obolibrary.org/obo/ENVO_01001405			https://www.gbif.org/species/2436436	Homo sapiens	human							Zaspel, J.M., V.S. Kononenko, and P.Z. Goldstein. 2007. Another blood feeder? Experimental feeding of a fruit-piercing moth on human blood in the Primorye Region of Far Eastern Russia (Noctuidae: Calpinae: Calpini). Journal of Insect Behavior, 20(5): 437-451.
	LiteratureRecord	https://www.gbif.org/species/110462373	Calyptra thalictri	http://purl.obolibrary.org/obo/RO_0002470	FALSE	eats	fruit	http://purl.obolibrary.org/obo/PO_0009001					https://www.gbif.org/species/147211519	Vitis sp.	grape							Bänziger, H. 1970. The piercing mechanism of the fruit piercing moth Calpe (Calyptra) thalictri Bkh. (Noctuidae) with reference to the skin-piercing blood-sucking moth Calpe eustrigata Hmps. Acta Tropica, 27: 54-88.
40	LiteratureRecord	https://www.gbif.org/species/5110823	Calyptra fasciata	http://purl.obolibrary.org/obo/RO_0002470	FALSE	eats	blood	http://purl.obolibrary.org/obo/NCIT_C12434	under experimental conditions	http://purl.obolibrary.org/obo/ENVO_01001405			https://www.gbif.org/species/2436436	Homo sapiens	human							Bänziger, H. 1986. Skin-piercing blood-sucking moths IV: Biological studies on adults of 4 Calyptra species and 2 subspecies (Lepidoptera, Noctuidae).Mittellungen der Schweizerischen Entomologischen Gesellschaft, 59: 111-138.
41	LiteratureRecord	https://www.gbif.org/species/5110823	Calyptra fasciata	http://purl.obolibrary.org/obo/RO_0002470	FALSE	eats	blood	http://purl.obolibrary.org/obo/NCIT_C12434					https://www.gbif.org/species/132095904	Elephas maximus indicus	Indian elephant							Bänziger, H. 1986. Skin-piercing blood-sucking moths IV: Biological studies on adults of 4 Calyptra species and 2 subspecies (Lepidoptera, Noctuidae).Mittellungen der Schweizerischen Entomologischen Gesellschaft, 59: 111-138.
42	LiteratureRecord	https://www.gbif.org/species/5110823	Calyptra fasciata	http://purl.obolibrary.org/obo/RO_0002470	FALSE	eats	blood	http://purl.obolibrary.org/obo/NCIT_C12434					https://www.gbif.org/species/146826689	Equus sp.	mule							Bänziger, H. 1986. Skin-piercing blood-sucking moths IV: Biological studies on adults of 4 Calyptra species and 2 subspecies (Lepidoptera, Noctuidae).Mittellungen der Schweizerischen Entomologischen Gesellschaft, 59: 111-138.
43	LiteratureRecord	https://www.gbif.org/species/5110823	Calyptra fasciata	http://purl.obolibrary.org/obo/RO_0002470	FALSE	eats	blood	http://purl.obolibrary.org/obo/NCIT_C12434					https://www.gbif.org/species/146826061	Sus sp.	pig							Bänziger, H. 1986. Skin-piercing blood-sucking moths IV: Biological studies on adults of 4 Calyptra species and 2 subspecies (Lepidoptera, Noctuidae).Mittellungen der Schweizerischen Entomologischen Gesellschaft, 59: 111-138.
45	LiteratureRecord	https://www.gbif.org/species/5110823	Calyptra fasciata	http://purl.obolibrary.org/obo/RO_0002470	FALSE	eats	fruit	http://purl.obolibrary.org/obo/PO_0009001	in nature	http://purl.obolibrary.org/obo/ENVO_01001226			https://www.gbif.org/species/147211875	Ficus sp.	fig							Bänziger, H. 2007. Skin-piercing blood-sucking moths VI: Fruit-piercing habits in Calyptra (Noctuidae) and notes on the feeding strategies of zoophilous and frugivorous adult Lepidoptera. Mittellungen der Schweizerischen Entomologischen Gesellschaft, 80: 271-288. 
48	LiteratureRecord	https://www.gbif.org/species/5110823	Calyptra fasciata	http://purl.obolibrary.org/obo/RO_0002470	FALSE	eats	fruit	http://purl.obolibrary.org/obo/PO_0009001	in nature	http://purl.obolibrary.org/obo/ENVO_01001226			https://www.gbif.org/species/3022511	Prunus persica	peach							Bänziger, H. 2007. Skin-piercing blood-sucking moths VI: Fruit-piercing habits in Calyptra (Noctuidae) and notes on the feeding strategies of zoophilous and frugivorous adult Lepidoptera. Mittellungen der Schweizerischen Entomologischen Gesellschaft, 80: 271-288. 
49	LiteratureRecord	https://www.gbif.org/species/5110823	Calyptra fasciata	http://purl.obolibrary.org/obo/RO_0002470	FALSE	eats	fruit	http://purl.obolibrary.org/obo/PO_0009001	in nature	http://purl.obolibrary.org/obo/ENVO_01001226			https://www.gbif.org/species/2988638	Rubus sp.	raspberry							Bänziger, H. 2007. Skin-piercing blood-sucking moths VI: Fruit-piercing habits in Calyptra (Noctuidae) and notes on the feeding strategies of zoophilous and frugivorous adult Lepidoptera. Mittellungen der Schweizerischen Entomologischen Gesellschaft, 80: 271-288. 
47	LiteratureRecord	https://www.gbif.org/species/5110824	Calyptra fasciata	http://purl.obolibrary.org/obo/RO_0002470	FALSE	eats	fruit	http://purl.obolibrary.org/obo/PO_0009001	enclosed conditions	http://purl.obolibrary.org/obo/ENVO_01001405			https://www.gbif.org/species/145746197	Citrus reticulata	mandarin							Bänziger, H. 2007. Skin-piercing blood-sucking moths VI: Fruit-piercing habits in Calyptra (Noctuidae) and notes on the feeding strategies of zoophilous and frugivorous adult Lepidoptera. Mittellungen der Schweizerischen Entomologischen Gesellschaft, 80: 271-288. 
46	LiteratureRecord	https://www.gbif.org/species/5110825	Calyptra fasciata	http://purl.obolibrary.org/obo/RO_0002470	FALSE	eats	fruit	http://purl.obolibrary.org/obo/PO_0009001	enclosed conditions	http://purl.obolibrary.org/obo/ENVO_01001405			https://www.gbif.org/species/147211519	Vitis sp.	grape							Bänziger, H. 2007. Skin-piercing blood-sucking moths VI: Fruit-piercing habits in Calyptra (Noctuidae) and notes on the feeding strategies of zoophilous and frugivorous adult Lepidoptera. Mittellungen der Schweizerischen Entomologischen Gesellschaft, 80: 271-288. 
44	LiteratureRecord	https://www.gbif.org/species/5110826	Calyptra fasciata	http://purl.obolibrary.org/obo/RO_0002470	FALSE	eats	blood	http://purl.obolibrary.org/obo/NCIT_C12434					https://www.gbif.org/species/2436436	Homo sapiens	human							Bänziger, H. 1989. Skin-piercing blood-sucking moths V: Attacks on man by 5 Calyptra spp.(Lepidoptera: Noctuidae) in S. and S.E. Asia. Mittellungen der Schweizerischen Entomologischen Gesellschaft, 62: 215-233.
51	LiteratureRecord	https://www.gbif.org/species/5110826	Calyptra labilis (now fasciata)	http://purl.obolibrary.org/obo/RO_0002470	FALSE	eats	blood	http://purl.obolibrary.org/obo/NCIT_C12434					https://www.gbif.org/species/132095904	Elephas maximus indicus	Indian elephant							Bänziger, H. 1979. Skin-piercing blood-sucking moths II: Studies on a further 3 adult Calyptra [Calpe] sp. (Lepid., Noctuidae). Acta Trop. 36(1):23-37.
1	LiteratureRecord	https://www.gbif.org/species/5110829	Calyptra albivirgata	http://purl.obolibrary.org/obo/RO_0002470	FALSE	eats							https://www.gbif.org/species/1	Animalia	Unknown animal							
2	LiteratureRecord	https://www.gbif.org/species/5110829	Calyptra albivirgata	http://purl.obolibrary.org/obo/RO_0002470	FALSE	eats							https://www.gbif.org/species/6	Plantae	Unknown plant							
11	LiteratureRecord	https://www.gbif.org/species/5110831	Calyptra eustrigata	http://purl.obolibrary.org/obo/RO_0002470	FALSE	eats	blood	http://purl.obolibrary.org/obo/NCIT_C12434			Male	http://purl.obolibrary.org/obo/TAO_0000242	https://www.gbif.org/species/132092421	Acrocodia indica	Malayan tapir							Bänziger, H. 1970. The piercing mechanism of the fruit piercing moth Calpe (Calyptra) thalictri Bkh. (Noctuidae) with reference to the skin-piercing blood-sucking moth Calpe eustrigata Hmps. Acta Tropica, 27: 54-88.
12	LiteratureRecord	https://www.gbif.org/species/5110831	Calyptra eustrigata	http://purl.obolibrary.org/obo/RO_0002470	FALSE	eats	blood	http://purl.obolibrary.org/obo/NCIT_C12434			Male	http://purl.obolibrary.org/obo/TAO_0000242	https://www.gbif.org/species/132079920	Boselaphus tragocamelus	nilgai antelope							Bänziger, H. 1970. The piercing mechanism of the fruit piercing moth Calpe (Calyptra) thalictri Bkh. (Noctuidae) with reference to the skin-piercing blood-sucking moth Calpe eustrigata Hmps. Acta Tropica, 27: 54-88.
13	LiteratureRecord	https://www.gbif.org/species/5110831	Calyptra eustrigata	http://purl.obolibrary.org/obo/RO_0002470	FALSE	eats	blood	http://purl.obolibrary.org/obo/NCIT_C12434			Male	http://purl.obolibrary.org/obo/TAO_0000242	https://www.gbif.org/species/132080256	Rusa unicolor	sambar deer							Bänziger, H. 1970. The piercing mechanism of the fruit piercing moth Calpe (Calyptra) thalictri Bkh. (Noctuidae) with reference to the skin-piercing blood-sucking moth Calpe eustrigata Hmps. Acta Tropica, 27: 54-88.
14	LiteratureRecord	https://www.gbif.org/species/5110831	Calyptra eustrigata	http://purl.obolibrary.org/obo/RO_0002470	FALSE	eats	blood	http://purl.obolibrary.org/obo/NCIT_C12434			Male	http://purl.obolibrary.org/obo/TAO_0000242	https://www.gbif.org/species/132079642	Bubalus bubalis	water buffalo							Bänziger, H. 1970. The piercing mechanism of the fruit piercing moth Calpe (Calyptra) thalictri Bkh. (Noctuidae) with reference to the skin-piercing blood-sucking moth Calpe eustrigata Hmps. Acta Tropica, 27: 54-88.
17	LiteratureRecord	https://www.gbif.org/species/5110831	Calyptra eustrigata	http://purl.obolibrary.org/obo/RO_0002470	FALSE	eats	blood	http://purl.obolibrary.org/obo/NCIT_C12434			Male	http://purl.obolibrary.org/obo/TAO_0000242	https://www.gbif.org/species/132080144	Dama dama	fallow deer							Bänziger, H. 1975. Skin-piercing blood-sucking moths I: Ecological and ethological studies on Calpeeustrigata (Lepid., Noctuidae). Acta tropica, (Basel) 32: 366-369.
21	LiteratureRecord	https://www.gbif.org/species/5110831	Calyptra eustrigata	http://purl.obolibrary.org/obo/RO_0002470	FALSE	eats	blood	http://purl.obolibrary.org/obo/NCIT_C12434			Male	http://purl.obolibrary.org/obo/TAO_0000242	https://www.gbif.org/species/132095904	Elephas maximus indicus	Indian elephant							Bänziger, H. 1975. Skin-piercing blood-sucking moths I: Ecological and ethological studies on Calpeeustrigata (Lepid., Noctuidae). Acta tropica, (Basel) 32: 366-369.
29	LiteratureRecord	https://www.gbif.org/species/5110831	Calyptra eustrigata	http://purl.obolibrary.org/obo/RO_0002470	FALSE	eats	blood	http://purl.obolibrary.org/obo/NCIT_C12434			Male	http://purl.obolibrary.org/obo/TAO_0000242	https://www.gbif.org/species/132080233	Cervus elaphus	red deer							Bänziger, H. 1975. Skin-piercing blood-sucking moths I: Ecological and ethological studies on Calpeeustrigata (Lepid., Noctuidae). Acta tropica, (Basel) 32: 366-369.
32	LiteratureRecord	https://www.gbif.org/species/5110831	Calyptra eustrigata	http://purl.obolibrary.org/obo/RO_0002470	FALSE	eats	blood	http://purl.obolibrary.org/obo/NCIT_C12434			Male	http://purl.obolibrary.org/obo/TAO_0000242	https://www.gbif.org/species/132079642	Bubalus bubalis	water buffalo							Bänziger, H. 1975. Skin-piercing blood-sucking moths I: Ecological and ethological studies on Calpeeustrigata (Lepid., Noctuidae). Acta tropica, (Basel) 32: 366-369.
36	LiteratureRecord	https://www.gbif.org/species/5110831	Calyptra eustrigata	http://purl.obolibrary.org/obo/RO_0002470	FALSE	eats	blood	http://purl.obolibrary.org/obo/NCIT_C12434	under experimental conditions	http://purl.obolibrary.org/obo/ENVO_01001405			https://www.gbif.org/species/2436436	Homo sapiens	human							Bänziger, H. 1970. The piercing mechanism of the fruit piercing moth Calpe (Calyptra) thalictri Bkh. (Noctuidae) with reference to the skin-piercing blood-sucking moth Calpe eustrigata Hmps. Acta Tropica, 27: 54-88.
38	LiteratureRecord	https://www.gbif.org/species/5110831	Calyptra eustrigata	http://purl.obolibrary.org/obo/RO_0002470	FALSE	eats	blood	http://purl.obolibrary.org/obo/NCIT_C12434					https://www.gbif.org/species/2436436	Homo sapiens	human							Natural Acts: A Sidelong View of Science and Nature by David Quammen 1985 pp. 47-52  
31	LiteratureRecord	https://www.gbif.org/species/5110832	Calyptra eustrigata	http://purl.obolibrary.org/obo/RO_0002470	FALSE	eats	blood	http://purl.obolibrary.org/obo/NCIT_C12434			Male	http://purl.obolibrary.org/obo/TAO_0000242	https://www.gbif.org/species/132080256	Rusa unicolor	sambar deer							Bänziger, H. 1975. Skin-piercing blood-sucking moths I: Ecological and ethological studies on Calpeeustrigata (Lepid., Noctuidae). Acta tropica, (Basel) 32: 366-369.
33	LiteratureRecord	https://www.gbif.org/species/5110832	Calyptra eustrigata	http://purl.obolibrary.org/obo/RO_0002470	FALSE	eats	blood	http://purl.obolibrary.org/obo/NCIT_C12434			Male	http://purl.obolibrary.org/obo/TAO_0000242	https://www.gbif.org/species/132079670	Bos taurus indicus	zebu							Bänziger, H. 1975. Skin-piercing blood-sucking moths I: Ecological and ethological studies on Calpeeustrigata (Lepid., Noctuidae). Acta tropica, (Basel) 32: 366-369.
20	LiteratureRecord	https://www.gbif.org/species/5110833	Calyptra eustrigata	http://purl.obolibrary.org/obo/RO_0002470	FALSE	eats	blood	http://purl.obolibrary.org/obo/NCIT_C12434	under experimental conditions	http://purl.obolibrary.org/obo/ENVO_01001405			https://www.gbif.org/species/2436436	Homo sapiens	human							Bänziger, H. 1975. Skin-piercing blood-sucking moths I: Ecological and ethological studies on Calpeeustrigata (Lepid., Noctuidae). Acta tropica, (Basel) 32: 366-369.
23	LiteratureRecord	https://www.gbif.org/species/5110833	Calyptra eustrigata	http://purl.obolibrary.org/obo/RO_0002470	FALSE	eats	blood	http://purl.obolibrary.org/obo/NCIT_C12434			Male	http://purl.obolibrary.org/obo/TAO_0000242	https://www.gbif.org/species/132092421	Acrocodia indica	Malayan tapir							Bänziger, H. 1975. Skin-piercing blood-sucking moths I: Ecological and ethological studies on Calpeeustrigata (Lepid., Noctuidae). Acta tropica, (Basel) 32: 366-369.
19	LiteratureRecord	https://www.gbif.org/species/5110834	Calyptra eustrigata	http://purl.obolibrary.org/obo/RO_0002470	FALSE	eats	fruit	http://purl.obolibrary.org/obo/PO_0009001	under experimental conditions	http://purl.obolibrary.org/obo/ENVO_01001405			https://www.gbif.org/species/5420380	Psidium guajava	guava							Bänziger, H. 1975. Skin-piercing blood-sucking moths I: Ecological and ethological studies on Calpeeustrigata (Lepid., Noctuidae). Acta tropica, (Basel) 32: 366-369.
26	LiteratureRecord	https://www.gbif.org/species/5110834	Calyptra eustrigata	http://purl.obolibrary.org/obo/RO_0002470	FALSE	eats	blood	http://purl.obolibrary.org/obo/NCIT_C12434			Male	http://purl.obolibrary.org/obo/TAO_0000242	https://www.gbif.org/species/132079920	Boselaphus tragocamelus	nilgai antelope							Bänziger, H. 1975. Skin-piercing blood-sucking moths I: Ecological and ethological studies on Calpeeustrigata (Lepid., Noctuidae). Acta tropica, (Basel) 32: 366-369.
16	LiteratureRecord	https://www.gbif.org/species/5110835	Calyptra eustrigata	http://purl.obolibrary.org/obo/RO_0002470	FALSE	eats	blood	http://purl.obolibrary.org/obo/NCIT_C12434			Male	http://purl.obolibrary.org/obo/TAO_0000242	https://www.gbif.org/species/132092330	Diceros bicornis	black rhinoceros							Bänziger, H. 1975. Skin-piercing blood-sucking moths I: Ecological and ethological studies on Calpeeustrigata (Lepid., Noctuidae). Acta tropica, (Basel) 32: 366-369.
25	LiteratureRecord	https://www.gbif.org/species/5110835	Calyptra eustrigata	http://purl.obolibrary.org/obo/RO_0002470	FALSE	eats	fruit	http://purl.obolibrary.org/obo/PO_0009001	under experimental conditions	http://purl.obolibrary.org/obo/ENVO_01001405			https://www.gbif.org/species/147210591	Mangifera sp.	mango							Bänziger, H. 1975. Skin-piercing blood-sucking moths I: Ecological and ethological studies on Calpeeustrigata (Lepid., Noctuidae). Acta tropica, (Basel) 32: 366-369.
27	LiteratureRecord	https://www.gbif.org/species/5110836	Calyptra eustrigata	http://purl.obolibrary.org/obo/RO_0002470	FALSE	eats	fruit	http://purl.obolibrary.org/obo/PO_0009001	under experimental conditions	http://purl.obolibrary.org/obo/ENVO_01001405			https://www.gbif.org/species/3022511	Prunus persica	peach							Bänziger, H. 1975. Skin-piercing blood-sucking moths I: Ecological and ethological studies on Calpeeustrigata (Lepid., Noctuidae). Acta tropica, (Basel) 32: 366-369.
24	LiteratureRecord	https://www.gbif.org/species/5110837	Calyptra eustrigata	http://purl.obolibrary.org/obo/RO_0002470	FALSE	eats	fruit	http://purl.obolibrary.org/obo/PO_0009001	under experimental conditions	http://purl.obolibrary.org/obo/ENVO_01001405			https://www.gbif.org/species/145746197	Citrus reticulata	mandarin							Bänziger, H. 1975. Skin-piercing blood-sucking moths I: Ecological and ethological studies on Calpeeustrigata (Lepid., Noctuidae). Acta tropica, (Basel) 32: 366-369.
22	LiteratureRecord	https://www.gbif.org/species/5110838	Calyptra eustrigata	http://purl.obolibrary.org/obo/RO_0002470	FALSE	eats	fruit	http://purl.obolibrary.org/obo/PO_0009001	under experimental conditions	http://purl.obolibrary.org/obo/ENVO_01001405			https://www.gbif.org/species/147211037	Lansium sp.	lansa							Bänziger, H. 1975. Skin-piercing blood-sucking moths I: Ecological and ethological studies on Calpeeustrigata (Lepid., Noctuidae). Acta tropica, (Basel) 32: 366-369.
18	LiteratureRecord	https://www.gbif.org/species/5110839	Calyptra eustrigata	http://purl.obolibrary.org/obo/RO_0002470	FALSE	eats	fruit	http://purl.obolibrary.org/obo/PO_0009001	under experimental conditions	http://purl.obolibrary.org/obo/ENVO_01001405			https://www.gbif.org/species/147211519	Vitis sp.	grape							Bänziger, H. 1975. Skin-piercing blood-sucking moths I: Ecological and ethological studies on Calpeeustrigata (Lepid., Noctuidae). Acta tropica, (Basel) 32: 366-369.
15	LiteratureRecord	https://www.gbif.org/species/5110840	Calyptra eustrigata	http://purl.obolibrary.org/obo/RO_0002470	FALSE	eats	fruit	http://purl.obolibrary.org/obo/PO_0009001	under experimental conditions	http://purl.obolibrary.org/obo/ENVO_01001405			https://www.gbif.org/species/145782114	Malus pumila	apple							Bänziger, H. 1975. Skin-piercing blood-sucking moths I: Ecological and ethological studies on Calpeeustrigata (Lepid., Noctuidae). Acta tropica, (Basel) 32: 366-369.
28	LiteratureRecord	https://www.gbif.org/species/5110841	Calyptra eustrigata	http://purl.obolibrary.org/obo/RO_0002470	FALSE	eats	fruit	http://purl.obolibrary.org/obo/PO_0009001	under experimental conditions	http://purl.obolibrary.org/obo/ENVO_01001405			https://www.gbif.org/species/3020559	Prunus sp.	prune							Bänziger, H. 1975. Skin-piercing blood-sucking moths I: Ecological and ethological studies on Calpeeustrigata (Lepid., Noctuidae). Acta tropica, (Basel) 32: 366-369.
30	LiteratureRecord	https://www.gbif.org/species/5110842	Calyptra eustrigata	http://purl.obolibrary.org/obo/RO_0002470	FALSE	eats	fruit	http://purl.obolibrary.org/obo/PO_0009001	under experimental conditions	http://purl.obolibrary.org/obo/ENVO_01001405			https://www.gbif.org/species/147211500	Syzygium sp.	rose apple							Bänziger, H. 1975. Skin-piercing blood-sucking moths I: Ecological and ethological studies on Calpeeustrigata (Lepid., Noctuidae). Acta tropica, (Basel) 32: 366-369.
34	LiteratureRecord	https://www.gbif.org/species/5110843	Calyptra eustrigata	http://purl.obolibrary.org/obo/RO_0002470	FALSE	eats	blood	http://purl.obolibrary.org/obo/NCIT_C12434					https://www.gbif.org/species/132095904	Elephas maximus indicus	Indian elephant							Bänziger, H. 1986. Skin-piercing blood-sucking moths IV: Biological studies on adults of 4 Calyptra species and 2 subspecies (Lepidoptera, Noctuidae).Mittellungen der Schweizerischen Entomologischen Gesellschaft, 59: 111-138.
35	LiteratureRecord	https://www.gbif.org/species/5110844	Calyptra eustrigata	http://purl.obolibrary.org/obo/RO_0002470	FALSE	eats	blood	http://purl.obolibrary.org/obo/NCIT_C12434					https://www.gbif.org/species/132079642	Bubalus bubalis	water buffalo							Bänziger, H. 1986. Skin-piercing blood-sucking moths IV: Biological studies on adults of 4 Calyptra species and 2 subspecies (Lepidoptera, Noctuidae).Mittellungen der Schweizerischen Entomologischen Gesellschaft, 59: 111-138.
9	LiteratureRecord	https://www.gbif.org/species/9257908	Calyptra canadensis	http://purl.obolibrary.org/obo/RO_0002470	FALSE	eats	fruit	http://purl.obolibrary.org/obo/PO_0009001					https://www.gbif.org/species/3029779	Fragaria sp.	strawberry							Zaspel, J.M. 2018. Unpublished
10	LiteratureRecord	https://www.gbif.org/species/9257908	Calyptra canadensis	http://purl.obolibrary.org/obo/RO_0002470	FALSE	eats	blood	http://purl.obolibrary.org/obo/NCIT_C12434					https://www.gbif.org/species/1	Animalia								
3	LiteratureRecord	https://www.gbif.org/species/110462356	Calyptra bicolor	http://purl.obolibrary.org/obo/RO_0002437	FALSE	piercing	skin	http://purl.obolibrary.org/obo/NCIT_C12470					https://www.gbif.org/species/2436436	Homo sapiens	human							Bänziger, H. 1989. Skin-piercing blood-sucking moths V: Attacks on man by 5 Calyptra spp.(Lepidoptera: Noctuidae) in S. and S.E. Asia. Mittellungen der Schweizerischen Entomologischen Gesellschaft, 62: 215-233.
4	LiteratureRecord	https://www.gbif.org/species/110462356	Calyptra bicolor	http://purl.obolibrary.org/obo/RO_0002437	FALSE	piercing	fruit	http://purl.obolibrary.org/obo/PO_0009001	enclosed conditions	http://purl.obolibrary.org/obo/ENVO_01001405			https://www.gbif.org/species/5420380	Psidium guajava	guava							Bänziger, H. 2007. Skin-piercing blood-sucking moths VI: Fruit-piercing habits in Calyptra (Noctuidae) and notes on the feeding strategies of zoophilous and frugivorous adult Lepidoptera. Mittellungen der Schweizerischen Entomologischen Gesellschaft, 80: 271-288. 
5	LiteratureRecord	https://www.gbif.org/species/110462356	Calyptra bicolor	http://purl.obolibrary.org/obo/RO_0002437	FALSE	piercing	fruit	http://purl.obolibrary.org/obo/PO_0009001	enclosed conditions	http://purl.obolibrary.org/obo/ENVO_01001405			https://www.gbif.org/species/3022511	Prunus persica	peach							Bänziger, H. 2007. Skin-piercing blood-sucking moths VI: Fruit-piercing habits in Calyptra (Noctuidae) and notes on the feeding strategies of zoophilous and frugivorous adult Lepidoptera. Mittellungen der Schweizerischen Entomologischen Gesellschaft, 80: 271-288. 
6	LiteratureRecord	https://www.gbif.org/species/110462356	Calyptra bicolor	http://purl.obolibrary.org/obo/RO_0002437	FALSE	piercing	fruit	http://purl.obolibrary.org/obo/PO_0009001	enclosed conditions	http://purl.obolibrary.org/obo/ENVO_01001405			https://www.gbif.org/species/3020559	Prunus sp.	plum							Bänziger, H. 2007. Skin-piercing blood-sucking moths VI: Fruit-piercing habits in Calyptra (Noctuidae) and notes on the feeding strategies of zoophilous and frugivorous adult Lepidoptera. Mittellungen der Schweizerischen Entomologischen Gesellschaft, 80: 271-288. 
7	LiteratureRecord	https://www.gbif.org/species/110462356	Calyptra bicolor	http://purl.obolibrary.org/obo/RO_0002437	FALSE	piercing	fruit	http://purl.obolibrary.org/obo/PO_0009001	in nature	http://purl.obolibrary.org/obo/ENVO_01001226			https://www.gbif.org/species/2988638	Rubus sp.	raspberry							Bänziger, H. 2007. Skin-piercing blood-sucking moths VI: Fruit-piercing habits in Calyptra (Noctuidae) and notes on the feeding strategies of zoophilous and frugivorous adult Lepidoptera. Mittellungen der Schweizerischen Entomologischen Gesellschaft, 80: 271-288. 
8	LiteratureRecord	https://www.gbif.org/species/110462356	Calyptra bicolor	http://purl.obolibrary.org/obo/RO_0002437	FALSE	piercing	fruit	http://purl.obolibrary.org/obo/PO_0009001	enclosed conditions	http://purl.obolibrary.org/obo/ENVO_01001405			https://www.gbif.org/species/2988638	Rubus sp.	raspberry							Bänziger, H. 2007. Skin-piercing blood-sucking moths VI: Fruit-piercing habits in Calyptra (Noctuidae) and notes on the feeding strategies of zoophilous and frugivorous adult Lepidoptera. Mittellungen der Schweizerischen Entomologischen Gesellschaft, 80: 271-288. 
52	LiteratureRecord	https://www.gbif.org/species/110462360	Calyptra fletcheri	http://purl.obolibrary.org/obo/RO_0002437	FALSE	piercing	fruit	http://purl.obolibrary.org/obo/PO_0009001	enclosed conditions	http://purl.obolibrary.org/obo/ENVO_01001405			https://www.gbif.org/species/2988638	Rubus sp.	raspberry							Bänziger, H. 2007. Skin-piercing blood-sucking moths VI: Fruit-piercing habits in Calyptra (Noctuidae) and notes on the feeding strategies of zoophilous and frugivorous adult Lepidoptera. Mittellungen der Schweizerischen Entomologischen Gesellschaft, 80: 271-288. 
53	LiteratureRecord	https://www.gbif.org/species/110462365	Calyptra minuticornis	http://purl.obolibrary.org/obo/RO_0002437	FALSE	piercing	fruit	http://purl.obolibrary.org/obo/PO_0009001	enclosed conditions	http://purl.obolibrary.org/obo/ENVO_01001405			https://www.gbif.org/species/147211519	Vitis sp.	grape							Bänziger, H. 2007. Skin-piercing blood-sucking moths VI: Fruit-piercing habits in Calyptra (Noctuidae) and notes on the feeding strategies of zoophilous and frugivorous adult Lepidoptera. Mittellungen der Schweizerischen Entomologischen Gesellschaft, 80: 271-288. 
54	LiteratureRecord	https://www.gbif.org/species/110462365	Calyptra minuticornis	http://purl.obolibrary.org/obo/RO_0002437	FALSE	piercing	fruit	http://purl.obolibrary.org/obo/PO_0009001	enclosed conditions	http://purl.obolibrary.org/obo/ENVO_01001405			https://www.gbif.org/species/145746197	Citrus reticulata	mandarin							Bänziger, H. 2007. Skin-piercing blood-sucking moths VI: Fruit-piercing habits in Calyptra (Noctuidae) and notes on the feeding strategies of zoophilous and frugivorous adult Lepidoptera. Mittellungen der Schweizerischen Entomologischen Gesellschaft, 80: 271-288. 
55	LiteratureRecord	https://www.gbif.org/species/110462365	Calyptra minuticornis	http://purl.obolibrary.org/obo/RO_0002437	FALSE	piercing	fruit	http://purl.obolibrary.org/obo/PO_0009001	in nature	http://purl.obolibrary.org/obo/ENVO_01001226			https://www.gbif.org/species/147211875	Ficus sp.	fig							Bänziger, H. 2007. Skin-piercing blood-sucking moths VI: Fruit-piercing habits in Calyptra (Noctuidae) and notes on the feeding strategies of zoophilous and frugivorous adult Lepidoptera. Mittellungen der Schweizerischen Entomologischen Gesellschaft, 80: 271-288. 
56	LiteratureRecord	https://www.gbif.org/species/110462365	Calyptra minuticornis	http://purl.obolibrary.org/obo/RO_0002437	FALSE	piercing	fruit	http://purl.obolibrary.org/obo/PO_0009001	in nature	http://purl.obolibrary.org/obo/ENVO_01001226			https://www.gbif.org/species/145746197	Citrus reticulata	mandarin							Bänziger, H. 2007. Skin-piercing blood-sucking moths VI: Fruit-piercing habits in Calyptra (Noctuidae) and notes on the feeding strategies of zoophilous and frugivorous adult Lepidoptera. Mittellungen der Schweizerischen Entomologischen Gesellschaft, 80: 271-288. 
57	LiteratureRecord	https://www.gbif.org/species/110462365	Calyptra minuticornis	http://purl.obolibrary.org/obo/RO_0002437	FALSE	piercing	fruit	http://purl.obolibrary.org/obo/PO_0009001	in nature	http://purl.obolibrary.org/obo/ENVO_01001226			https://www.gbif.org/species/145321625	Muntingia calabura	Panama berry							Bänziger, H. 2007. Skin-piercing blood-sucking moths VI: Fruit-piercing habits in Calyptra (Noctuidae) and notes on the feeding strategies of zoophilous and frugivorous adult Lepidoptera. Mittellungen der Schweizerischen Entomologischen Gesellschaft, 80: 271-288. 
58	LiteratureRecord	https://www.gbif.org/species/110462365	Calyptra minuticornis	http://purl.obolibrary.org/obo/RO_0002437	FALSE	piercing	fruit	http://purl.obolibrary.org/obo/PO_0009001	in nature	http://purl.obolibrary.org/obo/ENVO_01001226			https://www.gbif.org/species/3022511	Prunus persica	peach							Bänziger, H. 2007. Skin-piercing blood-sucking moths VI: Fruit-piercing habits in Calyptra (Noctuidae) and notes on the feeding strategies of zoophilous and frugivorous adult Lepidoptera. Mittellungen der Schweizerischen Entomologischen Gesellschaft, 80: 271-288. 
59	LiteratureRecord	https://www.gbif.org/species/110462365	Calyptra minuticornis	http://purl.obolibrary.org/obo/RO_0002437	FALSE	piercing	fruit	http://purl.obolibrary.org/obo/PO_0009001	in nature	http://purl.obolibrary.org/obo/ENVO_01001226			https://www.gbif.org/species/2988638	Rubus sp.	raspberry							Bänziger, H. 2007. Skin-piercing blood-sucking moths VI: Fruit-piercing habits in Calyptra (Noctuidae) and notes on the feeding strategies of zoophilous and frugivorous adult Lepidoptera. Mittellungen der Schweizerischen Entomologischen Gesellschaft, 80: 271-288. 
60	LiteratureRecord	https://www.gbif.org/species/110462365	Calyptra minuticornis novaepommeraniae	http://purl.obolibrary.org/obo/RO_0002437	FALSE	piercing	fruit	http://purl.obolibrary.org/obo/PO_0009001	under experimental conditions	http://purl.obolibrary.org/obo/ENVO_01001405			https://www.gbif.org/species/6	Plantae	variety							Bänziger, H. 1986. Skin-piercing blood-sucking moths IV: Biological studies on adults of 4 Calyptra species and 2 subspecies (Lepidoptera, Noctuidae).Mittellungen der Schweizerischen Entomologischen Gesellschaft, 59: 111-138.
61	LiteratureRecord	https://www.gbif.org/species/110462365	Calyptra minuticornis novaepommeraniae	http://purl.obolibrary.org/obo/RO_0002437	FALSE	piercing	fruit	http://purl.obolibrary.org/obo/PO_0009001	enclosed conditions	http://purl.obolibrary.org/obo/ENVO_01001405			https://www.gbif.org/species/147211875	Ficus sp.	fig							Bänziger, H. 2007. Skin-piercing blood-sucking moths VI: Fruit-piercing habits in Calyptra (Noctuidae) and notes on the feeding strategies of zoophilous and frugivorous adult Lepidoptera. Mittellungen der Schweizerischen Entomologischen Gesellschaft, 80: 271-288. 
62	LiteratureRecord	https://www.gbif.org/species/110462365	Calyptra minuticornis novaepommeraniae	http://purl.obolibrary.org/obo/RO_0002437	FALSE	piercing	fruit	http://purl.obolibrary.org/obo/PO_0009001	enclosed conditions	http://purl.obolibrary.org/obo/ENVO_01001405			https://www.gbif.org/species/147211519	Vitis sp.	grape							Bänziger, H. 2007. Skin-piercing blood-sucking moths VI: Fruit-piercing habits in Calyptra (Noctuidae) and notes on the feeding strategies of zoophilous and frugivorous adult Lepidoptera. Mittellungen der Schweizerischen Entomologischen Gesellschaft, 80: 271-288. 
63	LiteratureRecord	https://www.gbif.org/species/110462365	Calyptra minuticornis novaepommeraniae	http://purl.obolibrary.org/obo/RO_0002437	FALSE	piercing	fruit	http://purl.obolibrary.org/obo/PO_0009001	enclosed conditions	http://purl.obolibrary.org/obo/ENVO_01001405			https://www.gbif.org/species/145746197	Citrus reticulata	mandarin							Bänziger, H. 2007. Skin-piercing blood-sucking moths VI: Fruit-piercing habits in Calyptra (Noctuidae) and notes on the feeding strategies of zoophilous and frugivorous adult Lepidoptera. Mittellungen der Schweizerischen Entomologischen Gesellschaft, 80: 271-288. 
64	LiteratureRecord	https://www.gbif.org/species/110462365	Calyptra minuticornis	http://purl.obolibrary.org/obo/RO_0002437	FALSE	piercing	skin	http://purl.obolibrary.org/obo/NCIT_C12470					https://www.gbif.org/species/146826698	Tapirus sp.	tapir							Bänziger, H. 1979. Skin-piercing blood-sucking moths II: Studies on a further 3 adult Calyptra [Calpe] sp. (Lepid., Noctuidae). Acta Trop. 36(1):23-37.
65	LiteratureRecord	https://www.gbif.org/species/110462365	Calyptra minuticornis	http://purl.obolibrary.org/obo/RO_0002437	FALSE	piercing	skin	http://purl.obolibrary.org/obo/NCIT_C12470					https://www.gbif.org/species/132079670	Bos taurus indicus	zebu							Bänziger, H. 1979. Skin-piercing blood-sucking moths II: Studies on a further 3 adult Calyptra [Calpe] sp. (Lepid., Noctuidae). Acta Trop. 36(1):23-37.
66	LiteratureRecord	https://www.gbif.org/species/110462365	Calyptra minuticornis	http://purl.obolibrary.org/obo/RO_0002437	FALSE	piercing	skin	http://purl.obolibrary.org/obo/NCIT_C12470					https://www.gbif.org/species/132095904	Elephas maximus indicus	Indian elephant							Bänziger, H. 1986. Skin-piercing blood-sucking moths IV: Biological studies on adults of 4 Calyptra species and 2 subspecies (Lepidoptera, Noctuidae).Mittellungen der Schweizerischen Entomologischen Gesellschaft, 59: 111-138.
67	LiteratureRecord	https://www.gbif.org/species/110462365	Calyptra minuticornis	http://purl.obolibrary.org/obo/RO_0002437	FALSE	piercing	skin	http://purl.obolibrary.org/obo/NCIT_C12470					https://www.gbif.org/species/146826689	Equus sp.	mule							Bänziger, H. 1986. Skin-piercing blood-sucking moths IV: Biological studies on adults of 4 Calyptra species and 2 subspecies (Lepidoptera, Noctuidae).Mittellungen der Schweizerischen Entomologischen Gesellschaft, 59: 111-138.
68	LiteratureRecord	https://www.gbif.org/species/110462368	Calyptra ophideroides	http://purl.obolibrary.org/obo/RO_0002437	FALSE	piercing	fruit	http://purl.obolibrary.org/obo/PO_0009001	enclosed conditions	http://purl.obolibrary.org/obo/ENVO_01001405			https://www.gbif.org/species/147211519	Vitis sp.	grape							Bänziger, H. 2007. Skin-piercing blood-sucking moths VI: Fruit-piercing habits in Calyptra (Noctuidae) and notes on the feeding strategies of zoophilous and frugivorous adult Lepidoptera. Mittellungen der Schweizerischen Entomologischen Gesellschaft, 80: 271-288. 
69	LiteratureRecord	https://www.gbif.org/species/110462368	Calyptra ophideroides	http://purl.obolibrary.org/obo/RO_0002437	FALSE	piercing	fruit	http://purl.obolibrary.org/obo/PO_0009001	enclosed conditions	http://purl.obolibrary.org/obo/ENVO_01001405			https://www.gbif.org/species/5420380	Psidium guajava	guava							Bänziger, H. 2007. Skin-piercing blood-sucking moths VI: Fruit-piercing habits in Calyptra (Noctuidae) and notes on the feeding strategies of zoophilous and frugivorous adult Lepidoptera. Mittellungen der Schweizerischen Entomologischen Gesellschaft, 80: 271-288. 
70	LiteratureRecord	https://www.gbif.org/species/110462368	Calyptra ophideroides	http://purl.obolibrary.org/obo/RO_0002437	FALSE	piercing	fruit	http://purl.obolibrary.org/obo/PO_0009001	enclosed conditions	http://purl.obolibrary.org/obo/ENVO_01001405			https://www.gbif.org/species/3022511	Prunus persica	peach							Bänziger, H. 2007. Skin-piercing blood-sucking moths VI: Fruit-piercing habits in Calyptra (Noctuidae) and notes on the feeding strategies of zoophilous and frugivorous adult Lepidoptera. Mittellungen der Schweizerischen Entomologischen Gesellschaft, 80: 271-288. 
71	LiteratureRecord	https://www.gbif.org/species/110462368	Calyptra ophideroides	http://purl.obolibrary.org/obo/RO_0002437	FALSE	piercing	fruit	http://purl.obolibrary.org/obo/PO_0009001	enclosed conditions	http://purl.obolibrary.org/obo/ENVO_01001405			https://www.gbif.org/species/3020559	Prunus sp.	plum							Bänziger, H. 2007. Skin-piercing blood-sucking moths VI: Fruit-piercing habits in Calyptra (Noctuidae) and notes on the feeding strategies of zoophilous and frugivorous adult Lepidoptera. Mittellungen der Schweizerischen Entomologischen Gesellschaft, 80: 271-288. 
72	LiteratureRecord	https://www.gbif.org/species/110462368	Calyptra ophideroides	http://purl.obolibrary.org/obo/RO_0002437	FALSE	piercing	fruit	http://purl.obolibrary.org/obo/PO_0009001	in nature	http://purl.obolibrary.org/obo/ENVO_01001226			https://www.gbif.org/species/147211875	Ficus sp.	fig							Bänziger, H. 2007. Skin-piercing blood-sucking moths VI: Fruit-piercing habits in Calyptra (Noctuidae) and notes on the feeding strategies of zoophilous and frugivorous adult Lepidoptera. Mittellungen der Schweizerischen Entomologischen Gesellschaft, 80: 271-288. 
73	LiteratureRecord	https://www.gbif.org/species/110462368	Calyptra ophideroides	http://purl.obolibrary.org/obo/RO_0002437	FALSE	piercing	fruit	http://purl.obolibrary.org/obo/PO_0009001	in nature	http://purl.obolibrary.org/obo/ENVO_01001226			https://www.gbif.org/species/3022511	Prunus persica	peach							Bänziger, H. 2007. Skin-piercing blood-sucking moths VI: Fruit-piercing habits in Calyptra (Noctuidae) and notes on the feeding strategies of zoophilous and frugivorous adult Lepidoptera. Mittellungen der Schweizerischen Entomologischen Gesellschaft, 80: 271-288. 
74	LiteratureRecord	https://www.gbif.org/species/110462368	Calyptra ophideroides	http://purl.obolibrary.org/obo/RO_0002437	FALSE	piercing	fruit	http://purl.obolibrary.org/obo/PO_0009001	in nature	http://purl.obolibrary.org/obo/ENVO_01001226			https://www.gbif.org/species/3020559	Prunus sp.	plum							Bänziger, H. 2007. Skin-piercing blood-sucking moths VI: Fruit-piercing habits in Calyptra (Noctuidae) and notes on the feeding strategies of zoophilous and frugivorous adult Lepidoptera. Mittellungen der Schweizerischen Entomologischen Gesellschaft, 80: 271-288. 
75	LiteratureRecord	https://www.gbif.org/species/110462368	Calyptra ophideroides	http://purl.obolibrary.org/obo/RO_0002437	FALSE	piercing	skin	http://purl.obolibrary.org/obo/NCIT_C12470	under experimental conditions	http://purl.obolibrary.org/obo/ENVO_01001405			https://www.gbif.org/species/2436436	Homo sapiens	human							Bänziger, H. 1989. Skin-piercing blood-sucking moths V: Attacks on man by 5 Calyptra spp.(Lepidoptera: Noctuidae) in S. and S.E. Asia. Mittellungen der Schweizerischen Entomologischen Gesellschaft, 62: 215-233.
76	LiteratureRecord	https://www.gbif.org/species/110462369	Calyptra orthograpta	http://purl.obolibrary.org/obo/RO_0002437	FALSE	piercing	fruit	http://purl.obolibrary.org/obo/PO_0009001	enclosed conditions	http://purl.obolibrary.org/obo/ENVO_01001405			https://www.gbif.org/species/147210591	Mangifera sp.	mango							Bänziger, H. 2007. Skin-piercing blood-sucking moths VI: Fruit-piercing habits in Calyptra (Noctuidae) and notes on the feeding strategies of zoophilous and frugivorous adult Lepidoptera. Mittellungen der Schweizerischen Entomologischen Gesellschaft, 80: 271-288. 
77	LiteratureRecord	https://www.gbif.org/species/110462369	Calyptra orthograpta	http://purl.obolibrary.org/obo/RO_0002437	FALSE	piercing	fruit	http://purl.obolibrary.org/obo/PO_0009001	enclosed conditions	http://purl.obolibrary.org/obo/ENVO_01001405			https://www.gbif.org/species/147210628	Bouea sp.	plum mango							Bänziger, H. 2007. Skin-piercing blood-sucking moths VI: Fruit-piercing habits in Calyptra (Noctuidae) and notes on the feeding strategies of zoophilous and frugivorous adult Lepidoptera. Mittellungen der Schweizerischen Entomologischen Gesellschaft, 80: 271-288. 
78	LiteratureRecord	https://www.gbif.org/species/110462369	Calyptra orthograpta	http://purl.obolibrary.org/obo/RO_0002437	FALSE	piercing	fruit	http://purl.obolibrary.org/obo/PO_0009001	enclosed conditions	http://purl.obolibrary.org/obo/ENVO_01001405			https://www.gbif.org/species/147211500	Syzygium sp.	rose apple							Bänziger, H. 2007. Skin-piercing blood-sucking moths VI: Fruit-piercing habits in Calyptra (Noctuidae) and notes on the feeding strategies of zoophilous and frugivorous adult Lepidoptera. Mittellungen der Schweizerischen Entomologischen Gesellschaft, 80: 271-288. 
50	LiteratureRecord	https://www.gbif.org/species/110462369	Calyptra orthograpta	http://purl.obolibrary.org/obo/RO_0002437	FALSE	piercing	skin	http://purl.obolibrary.org/obo/NCIT_C12470	under experimental conditions	http://purl.obolibrary.org/obo/ENVO_01001405			https://www.gbif.org/species/2436436	Homo sapiens	human							Bänziger, H. 1979. Skin-piercing blood-sucking moths II: Studies on a further 3 adult Calyptra [Calpe] sp. (Lepid., Noctuidae). Acta Trop. 36(1):23-37.
79	LiteratureRecord	https://www.gbif.org/species/110462369	Calyptra orthograpta	http://purl.obolibrary.org/obo/RO_0002437	FALSE	piercing	skin	http://purl.obolibrary.org/obo/NCIT_C12470					https://www.gbif.org/species/132080256	Rusa unicolor	sambar deer							Bänziger, H. 1979. Skin-piercing blood-sucking moths II: Studies on a further 3 adult Calyptra [Calpe] sp. (Lepid., Noctuidae). Acta Trop. 36(1):23-37.
80	LiteratureRecord	https://www.gbif.org/species/110462369	Calyptra orthograpta	http://purl.obolibrary.org/obo/RO_0002437	FALSE	piercing	skin	http://purl.obolibrary.org/obo/NCIT_C12470					https://www.gbif.org/species/132079642	Bubalus bubalis	water buffalo							Bänziger, H. 1979. Skin-piercing blood-sucking moths II: Studies on a further 3 adult Calyptra [Calpe] sp. (Lepid., Noctuidae). Acta Trop. 36(1):23-37.
81	LiteratureRecord	https://www.gbif.org/species/110462369	Calyptra orthograpta	http://purl.obolibrary.org/obo/RO_0002437	FALSE	piercing	skin	http://purl.obolibrary.org/obo/NCIT_C12470					https://www.gbif.org/species/132095904	Elephas maximus indicus	Indian elephant							Bänziger, H. 1986. Skin-piercing blood-sucking moths IV: Biological studies on adults of 4 Calyptra species and 2 subspecies (Lepidoptera, Noctuidae).Mittellungen der Schweizerischen Entomologischen Gesellschaft, 59: 111-138.
82	LiteratureRecord	https://www.gbif.org/species/110462370	Calyptra parva	http://purl.obolibrary.org/obo/RO_0002437	FALSE	piercing	fruit	http://purl.obolibrary.org/obo/PO_0009001					https://www.gbif.org/species/2436436	Homo sapiens	human							Bänziger, H. 1989. Skin-piercing blood-sucking moths V: Attacks on man by 5 Calyptra spp.(Lepidoptera: Noctuidae) in S. and S.E. Asia. Mittellungen der Schweizerischen Entomologischen Gesellschaft, 62: 215-233.
83	LiteratureRecord	https://www.gbif.org/species/110462370	Calyptra parva	http://purl.obolibrary.org/obo/RO_0002437	FALSE	piercing	fruit	http://purl.obolibrary.org/obo/PO_0009001	enclosed conditions	http://purl.obolibrary.org/obo/ENVO_01001405			https://www.gbif.org/species/147211519	Vitis sp.	grape							Bänziger, H. 2007. Skin-piercing blood-sucking moths VI: Fruit-piercing habits in Calyptra (Noctuidae) and notes on the feeding strategies of zoophilous and frugivorous adult Lepidoptera. Mittellungen der Schweizerischen Entomologischen Gesellschaft, 80: 271-288. 
84	LiteratureRecord	https://www.gbif.org/species/110462370	Calyptra parva	http://purl.obolibrary.org/obo/RO_0002437	FALSE	piercing	fruit	http://purl.obolibrary.org/obo/PO_0009001	enclosed conditions	http://purl.obolibrary.org/obo/ENVO_01001405			https://www.gbif.org/species/145746197	Citrus reticulata	mandarin							Bänziger, H. 2007. Skin-piercing blood-sucking moths VI: Fruit-piercing habits in Calyptra (Noctuidae) and notes on the feeding strategies of zoophilous and frugivorous adult Lepidoptera. Mittellungen der Schweizerischen Entomologischen Gesellschaft, 80: 271-288. 
85	LiteratureRecord	https://www.gbif.org/species/110462370	Calyptra parva	http://purl.obolibrary.org/obo/RO_0002437	FALSE	piercing	skin	http://purl.obolibrary.org/obo/NCIT_C12470	in nature	http://purl.obolibrary.org/obo/ENVO_01001226			https://www.gbif.org/species/147211875	Ficus sp.	fig							Bänziger, H. 2007. Skin-piercing blood-sucking moths VI: Fruit-piercing habits in Calyptra (Noctuidae) and notes on the feeding strategies of zoophilous and frugivorous adult Lepidoptera. Mittellungen der Schweizerischen Entomologischen Gesellschaft, 80: 271-288. 
86	LiteratureRecord	https://www.gbif.org/species/110462371	Calyptra pseudobicolor	http://purl.obolibrary.org/obo/RO_0002437	FALSE	piercing	fruit	http://purl.obolibrary.org/obo/PO_0009001	enclosed conditions	http://purl.obolibrary.org/obo/ENVO_01001405			https://www.gbif.org/species/5420380	Psidium guajava	guava							Bänziger, H. 2007. Skin-piercing blood-sucking moths VI: Fruit-piercing habits in Calyptra (Noctuidae) and notes on the feeding strategies of zoophilous and frugivorous adult Lepidoptera. Mittellungen der Schweizerischen Entomologischen Gesellschaft, 80: 271-288. 
87	LiteratureRecord	https://www.gbif.org/species/110462371	Calyptra pseudobicolor	http://purl.obolibrary.org/obo/RO_0002437	FALSE	piercing	fruit	http://purl.obolibrary.org/obo/PO_0009001	enclosed conditions	http://purl.obolibrary.org/obo/ENVO_01001405			https://www.gbif.org/species/3022511	Prunus persica	peach							Bänziger, H. 2007. Skin-piercing blood-sucking moths VI: Fruit-piercing habits in Calyptra (Noctuidae) and notes on the feeding strategies of zoophilous and frugivorous adult Lepidoptera. Mittellungen der Schweizerischen Entomologischen Gesellschaft, 80: 271-288. 
88	LiteratureRecord	https://www.gbif.org/species/110462371	Calyptra pseudobicolor	http://purl.obolibrary.org/obo/RO_0002437	FALSE	piercing	fruit	http://purl.obolibrary.org/obo/PO_0009001	enclosed conditions	http://purl.obolibrary.org/obo/ENVO_01001405			https://www.gbif.org/species/3020559	Prunus sp.	plum							Bänziger, H. 2007. Skin-piercing blood-sucking moths VI: Fruit-piercing habits in Calyptra (Noctuidae) and notes on the feeding strategies of zoophilous and frugivorous adult Lepidoptera. Mittellungen der Schweizerischen Entomologischen Gesellschaft, 80: 271-288. 
89	LiteratureRecord	https://www.gbif.org/species/110462371	Calyptra pseudobicolor	http://purl.obolibrary.org/obo/RO_0002437	FALSE	piercing	fruit	http://purl.obolibrary.org/obo/PO_0009001	in nature	http://purl.obolibrary.org/obo/ENVO_01001226			https://www.gbif.org/species/3022511	Prunus persica	peach							Bänziger, H. 2007. Skin-piercing blood-sucking moths VI: Fruit-piercing habits in Calyptra (Noctuidae) and notes on the feeding strategies of zoophilous and frugivorous adult Lepidoptera. Mittellungen der Schweizerischen Entomologischen Gesellschaft, 80: 271-288. 
90	LiteratureRecord	https://www.gbif.org/species/110462371	Calyptra pseudobicolor	http://purl.obolibrary.org/obo/RO_0002437	FALSE	piercing	fruit	http://purl.obolibrary.org/obo/PO_0009001	in nature	http://purl.obolibrary.org/obo/ENVO_01001226			https://www.gbif.org/species/3020559	Prunus sp.	plum							Bänziger, H. 2007. Skin-piercing blood-sucking moths VI: Fruit-piercing habits in Calyptra (Noctuidae) and notes on the feeding strategies of zoophilous and frugivorous adult Lepidoptera. Mittellungen der Schweizerischen Entomologischen Gesellschaft, 80: 271-288. 
91	LiteratureRecord	https://www.gbif.org/species/110462371	Calyptra pseudobicolor	http://purl.obolibrary.org/obo/RO_0002437	FALSE	piercing	fruit	http://purl.obolibrary.org/obo/PO_0009001	in nature	http://purl.obolibrary.org/obo/ENVO_01001226			https://www.gbif.org/species/2988638	Rubus sp.	raspberry							Bänziger, H. 2007. Skin-piercing blood-sucking moths VI: Fruit-piercing habits in Calyptra (Noctuidae) and notes on the feeding strategies of zoophilous and frugivorous adult Lepidoptera. Mittellungen der Schweizerischen Entomologischen Gesellschaft, 80: 271-288. 
92	LiteratureRecord	https://www.gbif.org/species/110462371	Calyptra pseudobicolor	http://purl.obolibrary.org/obo/RO_0002437	FALSE	piercing	skin	http://purl.obolibrary.org/obo/NCIT_C12470					https://www.gbif.org/species/2436436	Homo sapiens	human							Bänziger, H. 1989. Skin-piercing blood-sucking moths V: Attacks on man by 5 Calyptra spp.(Lepidoptera: Noctuidae) in S. and S.E. Asia. Mittellungen der Schweizerischen Entomologischen Gesellschaft, 62: 215-233.
93	LiteratureRecord	https://www.gbif.org/species/110462373	Calyptra thalictri	http://purl.obolibrary.org/obo/RO_0002437	FALSE	piercing	fruit	http://purl.obolibrary.org/obo/PO_0009001	enclosed conditions	http://purl.obolibrary.org/obo/ENVO_01001405			https://www.gbif.org/species/147211651	Prunus sp.	cherry							Bänziger, H. 2007. Skin-piercing blood-sucking moths VI: Fruit-piercing habits in Calyptra (Noctuidae) and notes on the feeding strategies of zoophilous and frugivorous adult Lepidoptera. Mittellungen der Schweizerischen Entomologischen Gesellschaft, 80: 271-288. 
94	LiteratureRecord	https://www.gbif.org/species/110462373	Calyptra thalictri	http://purl.obolibrary.org/obo/RO_0002437	FALSE	piercing	fruit	http://purl.obolibrary.org/obo/PO_0009001	enclosed conditions	http://purl.obolibrary.org/obo/ENVO_01001405			https://www.gbif.org/species/147211519	Vitis sp.	grape							Bänziger, H. 2007. Skin-piercing blood-sucking moths VI: Fruit-piercing habits in Calyptra (Noctuidae) and notes on the feeding strategies of zoophilous and frugivorous adult Lepidoptera. Mittellungen der Schweizerischen Entomologischen Gesellschaft, 80: 271-288. 
95	LiteratureRecord	https://www.gbif.org/species/110462373	Calyptra thalictri	http://purl.obolibrary.org/obo/RO_0002437	FALSE	piercing	fruit	http://purl.obolibrary.org/obo/PO_0009001	enclosed conditions	http://purl.obolibrary.org/obo/ENVO_01001405			https://www.gbif.org/species/147202819	Ribes sp.	red currant							Bänziger, H. 2007. Skin-piercing blood-sucking moths VI: Fruit-piercing habits in Calyptra (Noctuidae) and notes on the feeding strategies of zoophilous and frugivorous adult Lepidoptera. Mittellungen der Schweizerischen Entomologischen Gesellschaft, 80: 271-288. 
96	LiteratureRecord	https://www.gbif.org/species/110462373	Calyptra thalictri	http://purl.obolibrary.org/obo/RO_0002437	FALSE	piercing	fruit	http://purl.obolibrary.org/obo/PO_0009001	in nature	http://purl.obolibrary.org/obo/ENVO_01001226			https://www.gbif.org/species/2988638	Rubus sp.	raspberry							Bänziger, H. 2007. Skin-piercing blood-sucking moths VI: Fruit-piercing habits in Calyptra (Noctuidae) and notes on the feeding strategies of zoophilous and frugivorous adult Lepidoptera. Mittellungen der Schweizerischen Entomologischen Gesellschaft, 80: 271-288. 
97	LiteratureRecord	https://www.gbif.org/species/110462373	Calyptra thalictri	http://purl.obolibrary.org/obo/RO_0002437	FALSE	piercing	skin	http://purl.obolibrary.org/obo/NCIT_C12470	under experimental conditions	http://purl.obolibrary.org/obo/ENVO_01001405			https://www.gbif.org/species/2436436	Homo sapiens	human							Zaspel, J.M., V.S. Kononenko, and P.Z. Goldstein. 2007. Another blood feeder? Experimental feeding of a fruit-piercing moth on human blood in the Primorye Region of Far Eastern Russia (Noctuidae: Calpinae: Calpini). Journal of Insect Behavior, 20(5): 437-451.
	LiteratureRecord	https://www.gbif.org/species/110462373	Calyptra thalictri	http://purl.obolibrary.org/obo/RO_0002437	FALSE	piercing	fruit	http://purl.obolibrary.org/obo/PO_0009001					https://www.gbif.org/species/147211519	Vitis sp.	grape							Bänziger, H. 1970. The piercing mechanism of the fruit piercing moth Calpe (Calyptra) thalictri Bkh. (Noctuidae) with reference to the skin-piercing blood-sucking moth Calpe eustrigata Hmps. Acta Tropica, 27: 54-88.
40	LiteratureRecord	https://www.gbif.org/species/5110823	Calyptra fasciata	http://purl.obolibrary.org/obo/RO_0002437	FALSE	piercing	skin	http://purl.obolibrary.org/obo/NCIT_C12470	under experimental conditions	http://purl.obolibrary.org/obo/ENVO_01001405			https://www.gbif.org/species/2436436	Homo sapiens	human							Bänziger, H. 1986. Skin-piercing blood-sucking moths IV: Biological studies on adults of 4 Calyptra species and 2 subspecies (Lepidoptera, Noctuidae).Mittellungen der Schweizerischen Entomologischen Gesellschaft, 59: 111-138.
41	LiteratureRecord	https://www.gbif.org/species/5110823	Calyptra fasciata	http://purl.obolibrary.org/obo/RO_0002437	FALSE	piercing	skin	http://purl.obolibrary.org/obo/NCIT_C12470					https://www.gbif.org/species/132095904	Elephas maximus indicus	Indian elephant							Bänziger, H. 1986. Skin-piercing blood-sucking moths IV: Biological studies on adults of 4 Calyptra species and 2 subspecies (Lepidoptera, Noctuidae).Mittellungen der Schweizerischen Entomologischen Gesellschaft, 59: 111-138.
42	LiteratureRecord	https://www.gbif.org/species/5110823	Calyptra fasciata	http://purl.obolibrary.org/obo/RO_0002437	FALSE	piercing	skin	http://purl.obolibrary.org/obo/NCIT_C12470					https://www.gbif.org/species/146826689	Equus sp.	mule							Bänziger, H. 1986. Skin-piercing blood-sucking moths IV: Biological studies on adults of 4 Calyptra species and 2 subspecies (Lepidoptera, Noctuidae).Mittellungen der Schweizerischen Entomologischen Gesellschaft, 59: 111-138.
43	LiteratureRecord	https://www.gbif.org/species/5110823	Calyptra fasciata	http://purl.obolibrary.org/obo/RO_0002437	FALSE	piercing	skin	http://purl.obolibrary.org/obo/NCIT_C12470					https://www.gbif.org/species/146826061	Sus sp.	pig							Bänziger, H. 1986. Skin-piercing blood-sucking moths IV: Biological studies on adults of 4 Calyptra species and 2 subspecies (Lepidoptera, Noctuidae).Mittellungen der Schweizerischen Entomologischen Gesellschaft, 59: 111-138.
45	LiteratureRecord	https://www.gbif.org/species/5110823	Calyptra fasciata	http://purl.obolibrary.org/obo/RO_0002437	FALSE	piercing	fruit	http://purl.obolibrary.org/obo/PO_0009001	in nature	http://purl.obolibrary.org/obo/ENVO_01001226			https://www.gbif.org/species/147211875	Ficus sp.	fig							Bänziger, H. 2007. Skin-piercing blood-sucking moths VI: Fruit-piercing habits in Calyptra (Noctuidae) and notes on the feeding strategies of zoophilous and frugivorous adult Lepidoptera. Mittellungen der Schweizerischen Entomologischen Gesellschaft, 80: 271-288. 
48	LiteratureRecord	https://www.gbif.org/species/5110823	Calyptra fasciata	http://purl.obolibrary.org/obo/RO_0002437	FALSE	piercing	fruit	http://purl.obolibrary.org/obo/PO_0009001	in nature	http://purl.obolibrary.org/obo/ENVO_01001226			https://www.gbif.org/species/3022511	Prunus persica	peach							Bänziger, H. 2007. Skin-piercing blood-sucking moths VI: Fruit-piercing habits in Calyptra (Noctuidae) and notes on the feeding strategies of zoophilous and frugivorous adult Lepidoptera. Mittellungen der Schweizerischen Entomologischen Gesellschaft, 80: 271-288. 
49	LiteratureRecord	https://www.gbif.org/species/5110823	Calyptra fasciata	http://purl.obolibrary.org/obo/RO_0002437	FALSE	piercing	fruit	http://purl.obolibrary.org/obo/PO_0009001	in nature	http://purl.obolibrary.org/obo/ENVO_01001226			https://www.gbif.org/species/2988638	Rubus sp.	raspberry							Bänziger, H. 2007. Skin-piercing blood-sucking moths VI: Fruit-piercing habits in Calyptra (Noctuidae) and notes on the feeding strategies of zoophilous and frugivorous adult Lepidoptera. Mittellungen der Schweizerischen Entomologischen Gesellschaft, 80: 271-288. 
47	LiteratureRecord	https://www.gbif.org/species/5110824	Calyptra fasciata	http://purl.obolibrary.org/obo/RO_0002437	FALSE	piercing	fruit	http://purl.obolibrary.org/obo/PO_0009001	enclosed conditions	http://purl.obolibrary.org/obo/ENVO_01001405			https://www.gbif.org/species/145746197	Citrus reticulata	mandarin							Bänziger, H. 2007. Skin-piercing blood-sucking moths VI: Fruit-piercing habits in Calyptra (Noctuidae) and notes on the feeding strategies of zoophilous and frugivorous adult Lepidoptera. Mittellungen der Schweizerischen Entomologischen Gesellschaft, 80: 271-288. 
46	LiteratureRecord	https://www.gbif.org/species/5110825	Calyptra fasciata	http://purl.obolibrary.org/obo/RO_0002437	FALSE	piercing	fruit	http://purl.obolibrary.org/obo/PO_0009001	enclosed conditions	http://purl.obolibrary.org/obo/ENVO_01001405			https://www.gbif.org/species/147211519	Vitis sp.	grape							Bänziger, H. 2007. Skin-piercing blood-sucking moths VI: Fruit-piercing habits in Calyptra (Noctuidae) and notes on the feeding strategies of zoophilous and frugivorous adult Lepidoptera. Mittellungen der Schweizerischen Entomologischen Gesellschaft, 80: 271-288. 
51	LiteratureRecord	https://www.gbif.org/species/5110826	Calyptra labilis (now fasciata)	http://purl.obolibrary.org/obo/RO_0002437	FALSE	piercing	skin	http://purl.obolibrary.org/obo/NCIT_C12470					https://www.gbif.org/species/132095904	Elephas maximus indicus	Indian elephant							Bänziger, H. 1979. Skin-piercing blood-sucking moths II: Studies on a further 3 adult Calyptra [Calpe] sp. (Lepid., Noctuidae). Acta Trop. 36(1):23-37.
11	LiteratureRecord	https://www.gbif.org/species/5110831	Calyptra eustrigata	http://purl.obolibrary.org/obo/RO_0002437	FALSE	piercing	skin	http://purl.obolibrary.org/obo/NCIT_C12470			Male	http://purl.obolibrary.org/obo/TAO_0000242	https://www.gbif.org/species/132092421	Acrocodia indica	Malayan tapir							Bänziger, H. 1970. The piercing mechanism of the fruit piercing moth Calpe (Calyptra) thalictri Bkh. (Noctuidae) with reference to the skin-piercing blood-sucking moth Calpe eustrigata Hmps. Acta Tropica, 27: 54-88.
12	LiteratureRecord	https://www.gbif.org/species/5110831	Calyptra eustrigata	http://purl.obolibrary.org/obo/RO_0002437	FALSE	piercing	skin	http://purl.obolibrary.org/obo/NCIT_C12470			Male	http://purl.obolibrary.org/obo/TAO_0000242	https://www.gbif.org/species/132079920	Boselaphus tragocamelus	nilgai antelope							Bänziger, H. 1970. The piercing mechanism of the fruit piercing moth Calpe (Calyptra) thalictri Bkh. (Noctuidae) with reference to the skin-piercing blood-sucking moth Calpe eustrigata Hmps. Acta Tropica, 27: 54-88.
13	LiteratureRecord	https://www.gbif.org/species/5110831	Calyptra eustrigata	http://purl.obolibrary.org/obo/RO_0002437	FALSE	piercing	skin	http://purl.obolibrary.org/obo/NCIT_C12470			Male	http://purl.obolibrary.org/obo/TAO_0000242	https://www.gbif.org/species/132080256	Rusa unicolor	sambar deer							Bänziger, H. 1970. The piercing mechanism of the fruit piercing moth Calpe (Calyptra) thalictri Bkh. (Noctuidae) with reference to the skin-piercing blood-sucking moth Calpe eustrigata Hmps. Acta Tropica, 27: 54-88.
14	LiteratureRecord	https://www.gbif.org/species/5110831	Calyptra eustrigata	http://purl.obolibrary.org/obo/RO_0002437	FALSE	piercing	skin	http://purl.obolibrary.org/obo/NCIT_C12470			Male	http://purl.obolibrary.org/obo/TAO_0000242	https://www.gbif.org/species/132079642	Bubalus bubalis	water buffalo							Bänziger, H. 1970. The piercing mechanism of the fruit piercing moth Calpe (Calyptra) thalictri Bkh. (Noctuidae) with reference to the skin-piercing blood-sucking moth Calpe eustrigata Hmps. Acta Tropica, 27: 54-88.
17	LiteratureRecord	https://www.gbif.org/species/5110831	Calyptra eustrigata	http://purl.obolibrary.org/obo/RO_0002437	FALSE	piercing	skin	http://purl.obolibrary.org/obo/NCIT_C12470			Male	http://purl.obolibrary.org/obo/TAO_0000242	https://www.gbif.org/species/132080144	Dama dama	fallow deer							Bänziger, H. 1975. Skin-piercing blood-sucking moths I: Ecological and ethological studies on Calpeeustrigata (Lepid., Noctuidae). Acta tropica, (Basel) 32: 366-369.
21	LiteratureRecord	https://www.gbif.org/species/5110831	Calyptra eustrigata	http://purl.obolibrary.org/obo/RO_0002437	FALSE	piercing	skin	http://purl.obolibrary.org/obo/NCIT_C12470			Male	http://purl.obolibrary.org/obo/TAO_0000242	https://www.gbif.org/species/132095904	Elephas maximus indicus	Indian elephant							Bänziger, H. 1975. Skin-piercing blood-sucking moths I: Ecological and ethological studies on Calpeeustrigata (Lepid., Noctuidae). Acta tropica, (Basel) 32: 366-369.
29	LiteratureRecord	https://www.gbif.org/species/5110831	Calyptra eustrigata	http://purl.obolibrary.org/obo/RO_0002437	FALSE	piercing	skin	http://purl.obolibrary.org/obo/NCIT_C12470			Male	http://purl.obolibrary.org/obo/TAO_0000242	https://www.gbif.org/species/132080233	Cervus elaphus	red deer							Bänziger, H. 1975. Skin-piercing blood-sucking moths I: Ecological and ethological studies on Calpeeustrigata (Lepid., Noctuidae). Acta tropica, (Basel) 32: 366-369.
32	LiteratureRecord	https://www.gbif.org/species/5110831	Calyptra eustrigata	http://purl.obolibrary.org/obo/RO_0002437	FALSE	piercing	skin	http://purl.obolibrary.org/obo/NCIT_C12470			Male	http://purl.obolibrary.org/obo/TAO_0000242	https://www.gbif.org/species/132079642	Bubalus bubalis	water buffalo							Bänziger, H. 1975. Skin-piercing blood-sucking moths I: Ecological and ethological studies on Calpeeustrigata (Lepid., Noctuidae). Acta tropica, (Basel) 32: 366-369.
36	LiteratureRecord	https://www.gbif.org/species/5110831	Calyptra eustrigata	http://purl.obolibrary.org/obo/RO_0002437	FALSE	piercing	skin	http://purl.obolibrary.org/obo/NCIT_C12470	under experimental conditions	http://purl.obolibrary.org/obo/ENVO_01001405			https://www.gbif.org/species/2436436	Homo sapiens	human							Bänziger, H. 1970. The piercing mechanism of the fruit piercing moth Calpe (Calyptra) thalictri Bkh. (Noctuidae) with reference to the skin-piercing blood-sucking moth Calpe eustrigata Hmps. Acta Tropica, 27: 54-88.
38	LiteratureRecord	https://www.gbif.org/species/5110831	Calyptra eustrigata	http://purl.obolibrary.org/obo/RO_0002437	FALSE	piercing	skin	http://purl.obolibrary.org/obo/NCIT_C12470					https://www.gbif.org/species/2436436	Homo sapiens	human							Natural Acts: A Sidelong View of Science and Nature by David Quammen 1985 pp. 47-52  
31	LiteratureRecord	https://www.gbif.org/species/5110832	Calyptra eustrigata	http://purl.obolibrary.org/obo/RO_0002437	FALSE	piercing	skin	http://purl.obolibrary.org/obo/NCIT_C12470			Male	http://purl.obolibrary.org/obo/TAO_0000242	https://www.gbif.org/species/132080256	Rusa unicolor	sambar deer							Bänziger, H. 1975. Skin-piercing blood-sucking moths I: Ecological and ethological studies on Calpeeustrigata (Lepid., Noctuidae). Acta tropica, (Basel) 32: 366-369.
33	LiteratureRecord	https://www.gbif.org/species/5110832	Calyptra eustrigata	http://purl.obolibrary.org/obo/RO_0002437	FALSE	piercing	skin	http://purl.obolibrary.org/obo/NCIT_C12470			Male	http://purl.obolibrary.org/obo/TAO_0000242	https://www.gbif.org/species/132079670	Bos taurus indicus	zebu							Bänziger, H. 1975. Skin-piercing blood-sucking moths I: Ecological and ethological studies on Calpeeustrigata (Lepid., Noctuidae). Acta tropica, (Basel) 32: 366-369.
20	LiteratureRecord	https://www.gbif.org/species/5110833	Calyptra eustrigata	http://purl.obolibrary.org/obo/RO_0002437	FALSE	piercing	skin	http://purl.obolibrary.org/obo/NCIT_C12470	under experimental conditions	http://purl.obolibrary.org/obo/ENVO_01001405			https://www.gbif.org/species/2436436	Homo sapiens	human							Bänziger, H. 1975. Skin-piercing blood-sucking moths I: Ecological and ethological studies on Calpeeustrigata (Lepid., Noctuidae). Acta tropica, (Basel) 32: 366-369.
23	LiteratureRecord	https://www.gbif.org/species/5110833	Calyptra eustrigata	http://purl.obolibrary.org/obo/RO_0002437	FALSE	piercing	skin	http://purl.obolibrary.org/obo/NCIT_C12470			Male	http://purl.obolibrary.org/obo/TAO_0000242	https://www.gbif.org/species/132092421	Acrocodia indica	Malayan tapir							Bänziger, H. 1975. Skin-piercing blood-sucking moths I: Ecological and ethological studies on Calpeeustrigata (Lepid., Noctuidae). Acta tropica, (Basel) 32: 366-369.
19	LiteratureRecord	https://www.gbif.org/species/5110834	Calyptra eustrigata	http://purl.obolibrary.org/obo/RO_0002437	FALSE	piercing	fruit	http://purl.obolibrary.org/obo/PO_0009001	under experimental conditions	http://purl.obolibrary.org/obo/ENVO_01001405			https://www.gbif.org/species/5420380	Psidium guajava	guava							Bänziger, H. 1975. Skin-piercing blood-sucking moths I: Ecological and ethological studies on Calpeeustrigata (Lepid., Noctuidae). Acta tropica, (Basel) 32: 366-369.
26	LiteratureRecord	https://www.gbif.org/species/5110834	Calyptra eustrigata	http://purl.obolibrary.org/obo/RO_0002437	FALSE	piercing	skin	http://purl.obolibrary.org/obo/NCIT_C12470			Male	http://purl.obolibrary.org/obo/TAO_0000242	https://www.gbif.org/species/132079920	Boselaphus tragocamelus	nilgai antelope							Bänziger, H. 1975. Skin-piercing blood-sucking moths I: Ecological and ethological studies on Calpeeustrigata (Lepid., Noctuidae). Acta tropica, (Basel) 32: 366-369.
16	LiteratureRecord	https://www.gbif.org/species/5110835	Calyptra eustrigata	http://purl.obolibrary.org/obo/RO_0002437	FALSE	piercing	skin	http://purl.obolibrary.org/obo/NCIT_C12470			Male	http://purl.obolibrary.org/obo/TAO_0000242	https://www.gbif.org/species/132092330	Diceros bicornis	black rhinoceros							Bänziger, H. 1975. Skin-piercing blood-sucking moths I: Ecological and ethological studies on Calpeeustrigata (Lepid., Noctuidae). Acta tropica, (Basel) 32: 366-369.
25	LiteratureRecord	https://www.gbif.org/species/5110835	Calyptra eustrigata	http://purl.obolibrary.org/obo/RO_0002437	FALSE	piercing	fruit	http://purl.obolibrary.org/obo/PO_0009001	under experimental conditions	http://purl.obolibrary.org/obo/ENVO_01001405			https://www.gbif.org/species/147210591	Mangifera sp.	mango							Bänziger, H. 1975. Skin-piercing blood-sucking moths I: Ecological and ethological studies on Calpeeustrigata (Lepid., Noctuidae). Acta tropica, (Basel) 32: 366-369.
27	LiteratureRecord	https://www.gbif.org/species/5110836	Calyptra eustrigata	http://purl.obolibrary.org/obo/RO_0002437	FALSE	piercing	fruit	http://purl.obolibrary.org/obo/PO_0009001	under experimental conditions	http://purl.obolibrary.org/obo/ENVO_01001405			https://www.gbif.org/species/3022511	Prunus persica	peach							Bänziger, H. 1975. Skin-piercing blood-sucking moths I: Ecological and ethological studies on Calpeeustrigata (Lepid., Noctuidae). Acta tropica, (Basel) 32: 366-369.
24	LiteratureRecord	https://www.gbif.org/species/5110837	Calyptra eustrigata	http://purl.obolibrary.org/obo/RO_0002437	FALSE	piercing	fruit	http://purl.obolibrary.org/obo/PO_0009001	under experimental conditions	http://purl.obolibrary.org/obo/ENVO_01001405			https://www.gbif.org/species/145746197	Citrus reticulata	mandarin							Bänziger, H. 1975. Skin-piercing blood-sucking moths I: Ecological and ethological studies on Calpeeustrigata (Lepid., Noctuidae). Acta tropica, (Basel) 32: 366-369.
22	LiteratureRecord	https://www.gbif.org/species/5110838	Calyptra eustrigata	http://purl.obolibrary.org/obo/RO_0002437	FALSE	piercing	fruit	http://purl.obolibrary.org/obo/PO_0009001	under experimental conditions	http://purl.obolibrary.org/obo/ENVO_01001405			https://www.gbif.org/species/147211037	Lansium sp.	lansa							Bänziger, H. 1975. Skin-piercing blood-sucking moths I: Ecological and ethological studies on Calpeeustrigata (Lepid., Noctuidae). Acta tropica, (Basel) 32: 366-369.
18	LiteratureRecord	https://www.gbif.org/species/5110839	Calyptra eustrigata	http://purl.obolibrary.org/obo/RO_0002437	FALSE	piercing	fruit	http://purl.obolibrary.org/obo/PO_0009001	under experimental conditions	http://purl.obolibrary.org/obo/ENVO_01001405			https://www.gbif.org/species/147211519	Vitis sp.	grape							Bänziger, H. 1975. Skin-piercing blood-sucking moths I: Ecological and ethological studies on Calpeeustrigata (Lepid., Noctuidae). Acta tropica, (Basel) 32: 366-369.
15	LiteratureRecord	https://www.gbif.org/species/5110840	Calyptra eustrigata	http://purl.obolibrary.org/obo/RO_0002437	FALSE	piercing	fruit	http://purl.obolibrary.org/obo/PO_0009001	under experimental conditions	http://purl.obolibrary.org/obo/ENVO_01001405			https://www.gbif.org/species/145782114	Malus pumila	apple							Bänziger, H. 1975. Skin-piercing blood-sucking moths I: Ecological and ethological studies on Calpeeustrigata (Lepid., Noctuidae). Acta tropica, (Basel) 32: 366-369.
28	LiteratureRecord	https://www.gbif.org/species/5110841	Calyptra eustrigata	http://purl.obolibrary.org/obo/RO_0002437	FALSE	piercing	fruit	http://purl.obolibrary.org/obo/PO_0009001	under experimental conditions	http://purl.obolibrary.org/obo/ENVO_01001405			https://www.gbif.org/species/3020559	Prunus sp.	prune							Bänziger, H. 1975. Skin-piercing blood-sucking moths I: Ecological and ethological studies on Calpeeustrigata (Lepid., Noctuidae). Acta tropica, (Basel) 32: 366-369.
30	LiteratureRecord	https://www.gbif.org/species/5110842	Calyptra eustrigata	http://purl.obolibrary.org/obo/RO_0002437	FALSE	piercing	fruit	http://purl.obolibrary.org/obo/PO_0009001	under experimental conditions	http://purl.obolibrary.org/obo/ENVO_01001405			https://www.gbif.org/species/147211500	Syzygium sp.	rose apple							Bänziger, H. 1975. Skin-piercing blood-sucking moths I: Ecological and ethological studies on Calpeeustrigata (Lepid., Noctuidae). Acta tropica, (Basel) 32: 366-369.
34	LiteratureRecord	https://www.gbif.org/species/5110843	Calyptra eustrigata	http://purl.obolibrary.org/obo/RO_0002437	FALSE	piercing	fruit	http://purl.obolibrary.org/obo/PO_0009001					https://www.gbif.org/species/132095904	Elephas maximus indicus	Indian elephant							Bänziger, H. 1986. Skin-piercing blood-sucking moths IV: Biological studies on adults of 4 Calyptra species and 2 subspecies (Lepidoptera, Noctuidae).Mittellungen der Schweizerischen Entomologischen Gesellschaft, 59: 111-138.
35	LiteratureRecord	https://www.gbif.org/species/5110844	Calyptra eustrigata	http://purl.obolibrary.org/obo/RO_0002437	FALSE	piercing	fruit	http://purl.obolibrary.org/obo/PO_0009001					https://www.gbif.org/species/132079642	Bubalus bubalis	water buffalo							Bänziger, H. 1986. Skin-piercing blood-sucking moths IV: Biological studies on adults of 4 Calyptra species and 2 subspecies (Lepidoptera, Noctuidae).Mittellungen der Schweizerischen Entomologischen Gesellschaft, 59: 111-138.
9	LiteratureRecord	https://www.gbif.org/species/9257908	Calyptra canadensis	http://purl.obolibrary.org/obo/RO_0002437	FALSE	piercing	fruit	http://purl.obolibrary.org/obo/PO_0009001					https://www.gbif.org/species/3029779	Fragaria sp.	strawberry							Zaspel, J.M. 2018. Unpublished>>>>>>> External Changes
